timestamp,user_id,action,metadata
2025-04-15 07:37:30,user_0012,search,"{""browser"":""Safari"",""device"":""Tablet""}"
2025-05-12 14:55:30,user_0050,purchase,"{""browser"":""Safari"",""device"":""Tablet""}"
2025-04-12 00:52:30,user_0035,login,"{""browser"":""Safari"",""device"":""Tablet""}"
2025-05-03 15:45:30,user_0019,add_to_cart,"{""browser"":""Firefox"",""device"":""Mobile""}"
2025-04-09 19:42:30,user_0020,view_product,"{""browser"":""Firefox"",""device"":""Mobile""}"
2025-04-08 03:22:30,user_0013,logout,"{""browser"":""Safari"",""device"":""Tablet""}"
2025-04-07 20:52:30,user_0032,purchase,"{""browser"":""Safari"",""device"":""Tablet""}"
2025-04-06 06:35:30,user_0013,add_to_cart,"{""browser"":""Chrome"",""device"":""Desktop""}"
2025-04-16 00:49:30,user_0044,logout,"{""browser"":""Chrome"",""device"":""Desktop""}"
2025-05-06 04:20:30,user_0007,add_to_cart,"{""browser"":""Firefox"",""device"":""Mobile""}"
2025-04-21 03:42:30,user_0010,login,"{""browser"":""Safari"",""device"":""Tablet""}"
2025-05-07 08:31:30,user_0015,login,"{""browser"":""Safari"",""device"":""Tablet""}"
2025-04-26 11:06:30,user_0014,add_to_cart,"{""browser"":""Chrome"",""device"":""Desktop""}"
2025-04-10 23:09:30,user_0004,purchase,"{""browser"":""Safari"",""device"":""Tablet""}"
2025-04-10 20:02:30,user_0010,add_to_cart,"{""browser"":""Safari"",""device"":""Tablet""}"
2025-04-08 13:09:30,user_0014,search,"{""browser"":""Safari"",""device"":""Tablet""}"
2025-04-17 16:35:30,user_0018,login,"{""browser"":""Safari"",""device"":""Tablet""}"
2025-05-02 05:31:30,user_0048,purchase,"{""browser"":""Firefox"",""device"":""Mobile""}"
2025-05-04 06:02:30,user_0013,view_product,"{""browser"":""Edge"",""device"":""Desktop""}"
2025-04-24 09:45:30,user_0028,logout,"{""browser"":""Chrome"",""device"":""Desktop""}"
2025-04-16 18:31:30,user_0021,view_product,"{""browser"":""Safari"",""device"":""Tablet""}"
2025-04-08 08:32:30,user_0024,search,"{""browser"":""Safari"",""device"":""Tablet""}"
2025-05-01 21:10:30,user_0012,add_to_cart,"{""browser"":""Chrome"",""device"":""Desktop""}"
2025-04-08 19:07:30,user_0017,logout,"{""browser"":""Edge"",""device"":""Desktop""}"
2025-05-04 13:10:30,user_0050,logout,"{""browser"":""Edge"",""device"":""Desktop""}"
2025-04-29 22:57:30,user_0021,view_product,"{""browser"":""Firefox"",""device"":""Mobile""}"
2025-04-23 07:19:30,user_0010,login,"{""browser"":""Firefox"",""device"":""Mobile""}"
2025-04-16 12:53:30,user_0030,update_profile,"{""browser"":""Safari"",""device"":""Tablet""}"
2025-05-06 20:25:30,user_0032,login,"{""browser"":""Safari"",""device"":""Tablet""}"
2025-04-13 09:15:30,user_0002,purchase,"{""browser"":""Firefox"",""device"":""Mobile""}"
2025-04-14 23:26:30,user_0029,view_product,"{""browser"":""Chrome"",""device"":""Desktop""}"
2025-05-13 04:41:30,user_0018,add_to_cart,"{""browser"":""Firefox"",""device"":""Mobile""}"
2025-04-11 08:56:30,user_0001,update_profile,"{""browser"":""Chrome"",""device"":""Desktop""}"
2025-04-18 17:35:30,user_0008,view_product,"{""browser"":""Firefox"",""device"":""Mobile""}"
2025-04-20 21:33:30,user_0026,logout,"{""browser"":""Edge"",""device"":""Desktop""}"
2025-05-14 03:34:30,user_0005,view_product,"{""browser"":""Edge"",""device"":""Desktop""}"
2025-04-22 19:55:30,user_0034,search,"{""browser"":""Edge"",""device"":""Desktop""}"
2025-04-29 23:54:30,user_0050,purchase,"{""browser"":""Firefox"",""device"":""Mobile""}"
2025-04-22 04:21:30,user_0044,view_product,"{""browser"":""Chrome"",""device"":""Desktop""}"
2025-05-05 14:43:30,user_0029,add_to_cart,"{""browser"":""Edge"",""device"":""Desktop""}"
2025-04-22 03:18:30,user_0047,add_to_cart,"{""browser"":""Safari"",""device"":""Tablet""}"
2025-04-26 20:06:30,user_0027,search,"{""browser"":""Chrome"",""device"":""Desktop""}"
2025-04-10 19:14:30,user_0039,update_profile,"{""browser"":""Chrome"",""device"":""Desktop""}"
2025-04-25 20:23:30,user_0007,add_to_cart,"{""browser"":""Safari"",""device"":""Tablet""}"
2025-05-13 07:43:30,user_0046,view_product,"{""browser"":""Chrome"",""device"":""Desktop""}"
2025-04-18 12:09:30,user_0010,purchase,"{""browser"":""Chrome"",""device"":""Desktop""}"
2025-04-15 23:18:30,user_0006,view_product,"{""browser"":""Firefox"",""device"":""Mobile""}"
2025-04-10 20:26:30,user_0045,view_product,"{""browser"":""Chrome"",""device"":""Desktop""}"
2025-04-22 17:45:30,user_0027,view_product,"{""browser"":""Edge"",""device"":""Desktop""}"
2025-04-09 05:24:30,user_0010,search,"{""browser"":""Edge"",""device"":""Desktop""}"
2025-04-16 05:31:30,user_0003,logout,"{""browser"":""Safari"",""device"":""Tablet""}"
2025-04-17 20:21:30,user_0004,add_to_cart,"{""browser"":""Edge"",""device"":""Desktop""}"
2025-05-09 20:33:30,user_0009,login,"{""browser"":""Chrome"",""device"":""Desktop""}"
2025-05-05 11:11:30,user_0024,login,"{""browser"":""Safari"",""device"":""Tablet""}"
2025-05-13 05:53:30,user_0017,add_to_cart,"{""browser"":""Safari"",""device"":""Tablet""}"
2025-05-08 05:27:30,user_0014,login,"{""browser"":""Safari"",""device"":""Tablet""}"
2025-05-04 12:38:30,user_0048,logout,"{""browser"":""Edge"",""device"":""Desktop""}"
2025-05-09 15:03:30,user_0013,view_product,"{""browser"":""Safari"",""device"":""Tablet""}"
2025-04-09 15:40:30,user_0016,login,"{""browser"":""Edge"",""device"":""Desktop""}"
2025-05-01 05:33:30,user_0043,purchase,"{""browser"":""Chrome"",""device"":""Desktop""}"
2025-04-28 19:07:30,user_0029,login,"{""browser"":""Firefox"",""device"":""Mobile""}"
2025-04-11 18:09:30,user_0044,view_product,"{""browser"":""Safari"",""device"":""Tablet""}"
2025-05-13 16:20:30,user_0020,purchase,"{""browser"":""Firefox"",""device"":""Mobile""}"
2025-04-21 13:39:30,user_0007,login,"{""browser"":""Safari"",""device"":""Tablet""}"
2025-04-20 07:14:30,user_0001,view_product,"{""browser"":""Chrome"",""device"":""Desktop""}"
2025-05-09 06:47:30,user_0022,search,"{""browser"":""Safari"",""device"":""Tablet""}"
2025-04-10 15:27:30,user_0037,view_product,"{""browser"":""Safari"",""device"":""Tablet""}"
2025-05-03 09:11:30,user_0044,add_to_cart,"{""browser"":""Safari"",""device"":""Tablet""}"
2025-05-12 03:05:30,user_0012,login,"{""browser"":""Safari"",""device"":""Tablet""}"
2025-04-14 17:10:30,user_0048,add_to_cart,"{""browser"":""Safari"",""device"":""Tablet""}"
2025-04-25 22:28:30,user_0032,add_to_cart,"{""browser"":""Safari"",""device"":""Tablet""}"
2025-04-18 03:01:30,user_0028,view_product,"{""browser"":""Chrome"",""device"":""Desktop""}"
2025-05-05 05:54:30,user_0025,login,"{""browser"":""Edge"",""device"":""Desktop""}"
2025-04-04 20:49:30,user_0031,logout,"{""browser"":""Firefox"",""device"":""Mobile""}"
2025-05-01 21:48:30,user_0041,view_product,"{""browser"":""Chrome"",""device"":""Desktop""}"
2025-05-02 17:20:30,user_0035,login,"{""browser"":""Safari"",""device"":""Tablet""}"
2025-04-27 04:43:30,user_0022,login,"{""browser"":""Chrome"",""device"":""Desktop""}"
2025-04-10 20:26:30,user_0029,logout,"{""browser"":""Chrome"",""device"":""Desktop""}"
2025-04-26 15:18:30,user_0010,view_product,"{""browser"":""Chrome"",""device"":""Desktop""}"
2025-04-17 22:05:30,user_0003,view_product,"{""browser"":""Edge"",""device"":""Desktop""}"
2025-05-11 19:54:30,user_0018,search,"{""browser"":""Safari"",""device"":""Tablet""}"
2025-05-01 08:39:30,user_0029,view_product,"{""browser"":""Chrome"",""device"":""Desktop""}"
2025-05-10 14:28:30,user_0012,login,"{""browser"":""Firefox"",""device"":""Mobile""}"
2025-04-30 08:39:30,user_0023,add_to_cart,"{""browser"":""Firefox"",""device"":""Mobile""}"
2025-05-10 22:19:30,user_0014,view_product,"{""browser"":""Chrome"",""device"":""Desktop""}"
2025-04-09 05:07:30,user_0011,purchase,"{""browser"":""Edge"",""device"":""Desktop""}"
2025-04-10 05:04:30,user_0019,login,"{""browser"":""Chrome"",""device"":""Desktop""}"
2025-04-22 14:39:30,user_0026,login,"{""browser"":""Chrome"",""device"":""Desktop""}"
2025-04-05 18:26:30,user_0015,add_to_cart,"{""browser"":""Chrome"",""device"":""Desktop""}"
2025-04-18 16:47:30,user_0030,view_product,"{""browser"":""Firefox"",""device"":""Mobile""}"
2025-05-06 21:49:30,user_0048,login,"{""browser"":""Edge"",""device"":""Desktop""}"
2025-04-11 04:25:30,user_0014,login,"{""browser"":""Firefox"",""device"":""Mobile""}"
2025-04-25 00:46:30,user_0014,logout,"{""browser"":""Chrome"",""device"":""Desktop""}"
2025-04-19 10:49:30,user_0041,search,"{""browser"":""Firefox"",""device"":""Mobile""}"
2025-04-25 01:00:30,user_0029,view_product,"{""browser"":""Safari"",""device"":""Tablet""}"
2025-05-10 06:34:30,user_0038,view_product,"{""browser"":""Chrome"",""device"":""Desktop""}"
2025-04-25 04:45:30,user_0047,view_product,"{""browser"":""Firefox"",""device"":""Mobile""}"
2025-04-22 09:51:30,user_0036,update_profile,"{""browser"":""Edge"",""device"":""Desktop""}"
2025-05-07 08:40:30,user_0043,add_to_cart,"{""browser"":""Edge"",""device"":""Desktop""}"
2025-05-12 23:26:30,user_0038,logout,"{""browser"":""Firefox"",""device"":""Mobile""}"
2025-05-13 15:23:30,user_0014,logout,"{""browser"":""Safari"",""device"":""Tablet""}"
2025-04-27 02:18:30,user_0035,view_product,"{""browser"":""Edge"",""device"":""Desktop""}"
2025-04-24 04:40:30,user_0040,add_to_cart,"{""browser"":""Edge"",""device"":""Desktop""}"
2025-04-30 07:54:30,user_0008,login,"{""browser"":""Edge"",""device"":""Desktop""}"
2025-04-07 10:22:30,user_0037,login,"{""browser"":""Chrome"",""device"":""Desktop""}"
2025-04-16 16:12:30,user_0030,login,"{""browser"":""Safari"",""device"":""Tablet""}"
2025-05-10 05:59:30,user_0011,add_to_cart,"{""browser"":""Edge"",""device"":""Desktop""}"
2025-04-13 07:19:30,user_0026,login,"{""browser"":""Edge"",""device"":""Desktop""}"
2025-04-15 13:14:30,user_0040,logout,"{""browser"":""Chrome"",""device"":""Desktop""}"
2025-04-20 13:05:30,user_0027,login,"{""browser"":""Safari"",""device"":""Tablet""}"
2025-04-15 12:57:30,user_0004,logout,"{""browser"":""Edge"",""device"":""Desktop""}"
2025-04-29 04:55:30,user_0002,add_to_cart,"{""browser"":""Chrome"",""device"":""Desktop""}"
2025-05-07 15:16:30,user_0022,view_product,"{""browser"":""Chrome"",""device"":""Desktop""}"
2025-04-07 02:12:30,user_0045,logout,"{""browser"":""Edge"",""device"":""Desktop""}"
2025-04-20 19:00:30,user_0008,view_product,"{""browser"":""Safari"",""device"":""Tablet""}"
2025-04-14 01:39:30,user_0007,view_product,"{""browser"":""Chrome"",""device"":""Desktop""}"
2025-05-06 14:48:30,user_0043,logout,"{""browser"":""Edge"",""device"":""Desktop""}"
2025-05-10 18:23:30,user_0013,update_profile,"{""browser"":""Firefox"",""device"":""Mobile""}"
2025-04-12 22:38:30,user_0026,search,"{""browser"":""Firefox"",""device"":""Mobile""}"
2025-04-22 21:24:30,user_0048,update_profile,"{""browser"":""Chrome"",""device"":""Desktop""}"
2025-04-21 22:04:30,user_0035,search,"{""browser"":""Safari"",""device"":""Tablet""}"
2025-04-05 09:46:30,user_0016,purchase,"{""browser"":""Chrome"",""device"":""Desktop""}"
2025-05-06 00:44:30,user_0017,purchase,"{""browser"":""Edge"",""device"":""Desktop""}"
2025-04-27 07:58:30,user_0017,view_product,"{""browser"":""Edge"",""device"":""Desktop""}"
2025-05-10 10:20:30,user_0015,view_product,"{""browser"":""Edge"",""device"":""Desktop""}"
2025-05-04 23:35:30,user_0041,logout,"{""browser"":""Firefox"",""device"":""Mobile""}"
2025-05-12 14:13:30,user_0034,logout,"{""browser"":""Chrome"",""device"":""Desktop""}"
2025-04-08 00:38:30,user_0007,logout,"{""browser"":""Safari"",""device"":""Tablet""}"
2025-04-25 17:47:30,user_0026,view_product,"{""browser"":""Safari"",""device"":""Tablet""}"
2025-05-02 07:59:30,user_0039,logout,"{""browser"":""Firefox"",""device"":""Mobile""}"
2025-04-11 11:55:30,user_0034,login,"{""browser"":""Chrome"",""device"":""Desktop""}"
2025-04-17 19:36:30,user_0033,login,"{""browser"":""Firefox"",""device"":""Mobile""}"
2025-04-10 03:06:30,user_0010,login,"{""browser"":""Chrome"",""device"":""Desktop""}"
2025-04-22 22:05:30,user_0042,logout,"{""browser"":""Edge"",""device"":""Desktop""}"
2025-04-14 15:14:30,user_0033,add_to_cart,"{""browser"":""Firefox"",""device"":""Mobile""}"
2025-04-21 05:15:30,user_0045,logout,"{""browser"":""Firefox"",""device"":""Mobile""}"
2025-04-10 04:35:30,user_0003,add_to_cart,"{""browser"":""Chrome"",""device"":""Desktop""}"
2025-04-07 03:45:30,user_0013,view_product,"{""browser"":""Chrome"",""device"":""Desktop""}"
2025-04-27 10:37:30,user_0015,login,"{""browser"":""Safari"",""device"":""Tablet""}"
2025-04-05 00:14:30,user_0021,logout,"{""browser"":""Chrome"",""device"":""Desktop""}"
2025-04-19 22:08:30,user_0004,view_product,"{""browser"":""Edge"",""device"":""Desktop""}"
2025-04-12 17:53:30,user_0025,view_product,"{""browser"":""Firefox"",""device"":""Mobile""}"
2025-05-05 23:26:30,user_0029,view_product,"{""browser"":""Safari"",""device"":""Tablet""}"
2025-05-11 04:33:30,user_0046,login,"{""browser"":""Chrome"",""device"":""Desktop""}"
2025-05-04 01:45:30,user_0047,search,"{""browser"":""Firefox"",""device"":""Mobile""}"
2025-04-12 22:03:30,user_0038,add_to_cart,"{""browser"":""Safari"",""device"":""Tablet""}"
2025-04-23 22:44:30,user_0021,login,"{""browser"":""Edge"",""device"":""Desktop""}"
2025-04-15 10:45:30,user_0050,login,"{""browser"":""Chrome"",""device"":""Desktop""}"
2025-04-05 16:15:30,user_0029,search,"{""browser"":""Safari"",""device"":""Tablet""}"
2025-05-05 13:20:30,user_0039,search,"{""browser"":""Firefox"",""device"":""Mobile""}"
2025-04-14 06:10:30,user_0012,view_product,"{""browser"":""Edge"",""device"":""Desktop""}"
2025-05-08 22:16:30,user_0028,add_to_cart,"{""browser"":""Firefox"",""device"":""Mobile""}"
2025-04-14 17:49:30,user_0014,view_product,"{""browser"":""Firefox"",""device"":""Mobile""}"
2025-04-19 23:33:30,user_0002,purchase,"{""browser"":""Firefox"",""device"":""Mobile""}"
2025-04-16 13:00:30,user_0042,logout,"{""browser"":""Edge"",""device"":""Desktop""}"
2025-05-02 07:31:30,user_0022,login,"{""browser"":""Edge"",""device"":""Desktop""}"
2025-04-27 16:07:30,user_0001,login,"{""browser"":""Safari"",""device"":""Tablet""}"
2025-04-23 19:03:30,user_0025,purchase,"{""browser"":""Firefox"",""device"":""Mobile""}"
2025-05-05 05:34:30,user_0025,view_product,"{""browser"":""Chrome"",""device"":""Desktop""}"
2025-04-09 22:03:30,user_0044,add_to_cart,"{""browser"":""Firefox"",""device"":""Mobile""}"
2025-05-07 05:51:30,user_0039,add_to_cart,"{""browser"":""Firefox"",""device"":""Mobile""}"
2025-04-09 23:53:30,user_0013,view_product,"{""browser"":""Safari"",""device"":""Tablet""}"
2025-04-07 16:34:30,user_0041,search,"{""browser"":""Edge"",""device"":""Desktop""}"
2025-04-20 06:49:30,user_0037,view_product,"{""browser"":""Firefox"",""device"":""Mobile""}"
2025-04-23 07:00:30,user_0022,login,"{""browser"":""Chrome"",""device"":""Desktop""}"
2025-04-09 00:25:30,user_0023,purchase,"{""browser"":""Safari"",""device"":""Tablet""}"
2025-04-13 15:20:30,user_0021,view_product,"{""browser"":""Firefox"",""device"":""Mobile""}"
2025-04-14 20:10:30,user_0001,view_product,"{""browser"":""Safari"",""device"":""Tablet""}"
2025-05-10 11:50:30,user_0004,login,"{""browser"":""Safari"",""device"":""Tablet""}"
2025-05-01 06:55:30,user_0014,view_product,"{""browser"":""Safari"",""device"":""Tablet""}"
2025-04-23 23:17:30,user_0034,search,"{""browser"":""Firefox"",""device"":""Mobile""}"
2025-04-19 05:57:30,user_0012,view_product,"{""browser"":""Firefox"",""device"":""Mobile""}"
2025-04-13 05:30:30,user_0010,logout,"{""browser"":""Safari"",""device"":""Tablet""}"
2025-05-06 18:36:30,user_0044,purchase,"{""browser"":""Firefox"",""device"":""Mobile""}"
2025-05-13 07:50:30,user_0003,add_to_cart,"{""browser"":""Chrome"",""device"":""Desktop""}"
2025-04-15 17:01:30,user_0041,add_to_cart,"{""browser"":""Firefox"",""device"":""Mobile""}"
2025-04-16 20:21:30,user_0015,logout,"{""browser"":""Firefox"",""device"":""Mobile""}"
2025-04-21 00:15:30,user_0022,login,"{""browser"":""Edge"",""device"":""Desktop""}"
2025-04-25 15:17:30,user_0017,login,"{""browser"":""Firefox"",""device"":""Mobile""}"
2025-04-07 17:29:30,user_0015,logout,"{""browser"":""Safari"",""device"":""Tablet""}"
2025-04-11 07:55:30,user_0041,add_to_cart,"{""browser"":""Safari"",""device"":""Tablet""}"
2025-04-14 16:41:30,user_0034,logout,"{""browser"":""Firefox"",""device"":""Mobile""}"
2025-05-11 02:14:30,user_0043,logout,"{""browser"":""Firefox"",""device"":""Mobile""}"
2025-04-10 03:12:30,user_0049,view_product,"{""browser"":""Safari"",""device"":""Tablet""}"
2025-04-17 13:41:30,user_0031,add_to_cart,"{""browser"":""Chrome"",""device"":""Desktop""}"
2025-05-10 21:14:30,user_0016,view_product,"{""browser"":""Safari"",""device"":""Tablet""}"
2025-05-03 15:58:30,user_0024,search,"{""browser"":""Safari"",""device"":""Tablet""}"
2025-04-15 04:09:30,user_0048,add_to_cart,"{""browser"":""Chrome"",""device"":""Desktop""}"
2025-04-19 21:01:30,user_0007,login,"{""browser"":""Chrome"",""device"":""Desktop""}"
2025-04-14 21:22:30,user_0044,add_to_cart,"{""browser"":""Chrome"",""device"":""Desktop""}"
2025-04-16 17:42:30,user_0034,add_to_cart,"{""browser"":""Edge"",""device"":""Desktop""}"
2025-04-22 08:23:30,user_0045,view_product,"{""browser"":""Edge"",""device"":""Desktop""}"
2025-05-08 23:49:30,user_0029,add_to_cart,"{""browser"":""Edge"",""device"":""Desktop""}"
2025-05-01 07:01:30,user_0006,view_product,"{""browser"":""Chrome"",""device"":""Desktop""}"
2025-04-25 22:52:30,user_0016,logout,"{""browser"":""Chrome"",""device"":""Desktop""}"
2025-05-13 17:17:30,user_0021,purchase,"{""browser"":""Safari"",""device"":""Tablet""}"
2025-05-10 04:10:30,user_0031,logout,"{""browser"":""Firefox"",""device"":""Mobile""}"
2025-04-05 14:16:30,user_0019,add_to_cart,"{""browser"":""Chrome"",""device"":""Desktop""}"
2025-05-06 22:55:30,user_0040,update_profile,"{""browser"":""Firefox"",""device"":""Mobile""}"
2025-05-13 23:51:30,user_0047,login,"{""browser"":""Firefox"",""device"":""Mobile""}"
2025-04-23 22:04:30,user_0019,purchase,"{""browser"":""Firefox"",""device"":""Mobile""}"
2025-05-10 18:18:30,user_0021,add_to_cart,"{""browser"":""Safari"",""device"":""Tablet""}"
2025-04-28 02:16:30,user_0015,login,"{""browser"":""Safari"",""device"":""Tablet""}"
2025-04-07 18:34:30,user_0022,logout,"{""browser"":""Edge"",""device"":""Desktop""}"
2025-05-11 22:32:30,user_0012,login,"{""browser"":""Edge"",""device"":""Desktop""}"
2025-05-06 01:52:30,user_0012,login,"{""browser"":""Firefox"",""device"":""Mobile""}"
2025-05-01 08:10:30,user_0044,purchase,"{""browser"":""Chrome"",""device"":""Desktop""}"
2025-04-05 11:23:30,user_0042,view_product,"{""browser"":""Chrome"",""device"":""Desktop""}"
2025-04-07 12:49:30,user_0046,logout,"{""browser"":""Firefox"",""device"":""Mobile""}"
2025-04-15 07:17:30,user_0048,view_product,"{""browser"":""Safari"",""device"":""Tablet""}"
2025-04-06 23:37:30,user_0003,login,"{""browser"":""Safari"",""device"":""Tablet""}"
2025-04-16 23:09:30,user_0005,login,"{""browser"":""Edge"",""device"":""Desktop""}"
2025-04-19 06:51:30,user_0023,logout,"{""browser"":""Safari"",""device"":""Tablet""}"
2025-05-14 07:00:30,user_0032,view_product,"{""browser"":""Edge"",""device"":""Desktop""}"
2025-04-05 06:35:30,user_0045,login,"{""browser"":""Chrome"",""device"":""Desktop""}"
2025-04-12 17:53:30,user_0013,purchase,"{""browser"":""Edge"",""device"":""Desktop""}"
2025-04-20 08:46:30,user_0015,logout,"{""browser"":""Firefox"",""device"":""Mobile""}"
2025-04-21 04:57:30,user_0021,search,"{""browser"":""Safari"",""device"":""Tablet""}"
2025-04-13 20:07:30,user_0023,search,"{""browser"":""Edge"",""device"":""Desktop""}"
2025-05-06 18:41:30,user_0035,view_product,"{""browser"":""Safari"",""device"":""Tablet""}"
2025-04-13 20:37:30,user_0033,login,"{""browser"":""Safari"",""device"":""Tablet""}"
2025-04-06 02:58:30,user_0047,login,"{""browser"":""Firefox"",""device"":""Mobile""}"
2025-04-17 14:38:30,user_0031,add_to_cart,"{""browser"":""Safari"",""device"":""Tablet""}"
2025-04-27 17:19:30,user_0027,add_to_cart,"{""browser"":""Chrome"",""device"":""Desktop""}"
2025-05-02 03:30:30,user_0030,purchase,"{""browser"":""Edge"",""device"":""Desktop""}"
2025-05-02 17:30:30,user_0021,login,"{""browser"":""Edge"",""device"":""Desktop""}"
2025-04-29 06:06:30,user_0019,add_to_cart,"{""browser"":""Chrome"",""device"":""Desktop""}"
2025-04-25 12:30:30,user_0022,logout,"{""browser"":""Edge"",""device"":""Desktop""}"
2025-04-16 22:34:30,user_0029,add_to_cart,"{""browser"":""Firefox"",""device"":""Mobile""}"
2025-04-16 11:00:30,user_0049,view_product,"{""browser"":""Chrome"",""device"":""Desktop""}"
2025-05-04 12:58:30,user_0048,view_product,"{""browser"":""Edge"",""device"":""Desktop""}"
2025-05-14 14:10:30,user_0032,view_product,"{""browser"":""Safari"",""device"":""Tablet""}"
2025-05-02 05:34:30,user_0015,search,"{""browser"":""Edge"",""device"":""Desktop""}"
2025-04-30 23:43:30,user_0017,view_product,"{""browser"":""Firefox"",""device"":""Mobile""}"
2025-04-05 04:58:30,user_0041,purchase,"{""browser"":""Firefox"",""device"":""Mobile""}"
2025-04-19 13:59:30,user_0006,logout,"{""browser"":""Firefox"",""device"":""Mobile""}"
2025-04-15 05:08:30,user_0032,logout,"{""browser"":""Firefox"",""device"":""Mobile""}"
2025-04-28 17:39:30,user_0016,view_product,"{""browser"":""Edge"",""device"":""Desktop""}"
2025-05-05 21:20:30,user_0017,logout,"{""browser"":""Edge"",""device"":""Desktop""}"
2025-04-28 02:53:30,user_0015,add_to_cart,"{""browser"":""Safari"",""device"":""Tablet""}"
2025-05-09 23:26:30,user_0027,search,"{""browser"":""Edge"",""device"":""Desktop""}"
2025-05-02 11:48:30,user_0016,logout,"{""browser"":""Chrome"",""device"":""Desktop""}"
2025-04-25 20:23:30,user_0023,add_to_cart,"{""browser"":""Edge"",""device"":""Desktop""}"
2025-05-11 00:08:30,user_0033,logout,"{""browser"":""Firefox"",""device"":""Mobile""}"
2025-05-04 03:02:30,user_0015,login,"{""browser"":""Safari"",""device"":""Tablet""}"
2025-05-06 17:04:30,user_0031,search,"{""browser"":""Chrome"",""device"":""Desktop""}"
2025-05-13 04:31:30,user_0019,add_to_cart,"{""browser"":""Safari"",""device"":""Tablet""}"
2025-05-02 04:37:30,user_0030,login,"{""browser"":""Firefox"",""device"":""Mobile""}"
2025-05-01 21:33:30,user_0006,logout,"{""browser"":""Chrome"",""device"":""Desktop""}"
2025-04-23 19:21:30,user_0028,logout,"{""browser"":""Firefox"",""device"":""Mobile""}"
2025-04-21 17:08:30,user_0038,add_to_cart,"{""browser"":""Safari"",""device"":""Tablet""}"
2025-04-28 21:51:30,user_0008,login,"{""browser"":""Chrome"",""device"":""Desktop""}"
2025-04-08 06:40:30,user_0019,add_to_cart,"{""browser"":""Firefox"",""device"":""Mobile""}"
2025-05-04 20:09:30,user_0017,purchase,"{""browser"":""Chrome"",""device"":""Desktop""}"
2025-04-05 00:57:30,user_0023,view_product,"{""browser"":""Safari"",""device"":""Tablet""}"
2025-04-14 05:26:30,user_0035,login,"{""browser"":""Edge"",""device"":""Desktop""}"
2025-05-13 17:15:30,user_0022,view_product,"{""browser"":""Edge"",""device"":""Desktop""}"
2025-05-07 13:55:30,user_0045,login,"{""browser"":""Chrome"",""device"":""Desktop""}"
2025-04-09 02:11:30,user_0034,add_to_cart,"{""browser"":""Chrome"",""device"":""Desktop""}"
2025-04-27 02:53:30,user_0048,view_product,"{""browser"":""Chrome"",""device"":""Desktop""}"
2025-04-10 16:14:30,user_0037,update_profile,"{""browser"":""Firefox"",""device"":""Mobile""}"
2025-05-01 11:50:30,user_0016,login,"{""browser"":""Safari"",""device"":""Tablet""}"
2025-04-12 20:59:30,user_0028,search,"{""browser"":""Safari"",""device"":""Tablet""}"
2025-04-11 21:05:30,user_0024,view_product,"{""browser"":""Edge"",""device"":""Desktop""}"
2025-04-05 15:50:30,user_0047,update_profile,"{""browser"":""Safari"",""device"":""Tablet""}"
2025-05-13 14:31:30,user_0020,logout,"{""browser"":""Safari"",""device"":""Tablet""}"
2025-05-02 13:45:30,user_0041,logout,"{""browser"":""Chrome"",""device"":""Desktop""}"
2025-04-08 07:41:30,user_0042,view_product,"{""browser"":""Firefox"",""device"":""Mobile""}"
2025-04-08 14:36:30,user_0007,login,"{""browser"":""Safari"",""device"":""Tablet""}"
2025-04-10 19:23:30,user_0005,purchase,"{""browser"":""Chrome"",""device"":""Desktop""}"
2025-04-14 03:06:30,user_0015,search,"{""browser"":""Chrome"",""device"":""Desktop""}"
2025-04-05 15:18:30,user_0006,add_to_cart,"{""browser"":""Firefox"",""device"":""Mobile""}"
2025-04-15 04:12:30,user_0009,login,"{""browser"":""Firefox"",""device"":""Mobile""}"
2025-05-04 08:25:30,user_0050,view_product,"{""browser"":""Firefox"",""device"":""Mobile""}"
2025-05-12 08:15:30,user_0037,view_product,"{""browser"":""Firefox"",""device"":""Mobile""}"
2025-04-26 00:55:30,user_0005,logout,"{""browser"":""Edge"",""device"":""Desktop""}"
2025-05-14 07:49:30,user_0043,search,"{""browser"":""Edge"",""device"":""Desktop""}"
2025-04-24 17:18:30,user_0017,logout,"{""browser"":""Safari"",""device"":""Tablet""}"
2025-05-13 23:37:30,user_0041,search,"{""browser"":""Firefox"",""device"":""Mobile""}"
2025-05-07 02:52:30,user_0004,login,"{""browser"":""Firefox"",""device"":""Mobile""}"
2025-05-08 22:54:30,user_0007,logout,"{""browser"":""Safari"",""device"":""Tablet""}"
2025-04-27 00:08:30,user_0041,purchase,"{""browser"":""Safari"",""device"":""Tablet""}"
2025-05-11 05:25:30,user_0010,login,"{""browser"":""Edge"",""device"":""Desktop""}"
2025-05-12 21:16:30,user_0022,add_to_cart,"{""browser"":""Firefox"",""device"":""Mobile""}"
2025-05-01 15:43:30,user_0019,purchase,"{""browser"":""Firefox"",""device"":""Mobile""}"
2025-05-10 01:54:30,user_0036,login,"{""browser"":""Chrome"",""device"":""Desktop""}"
2025-05-12 14:44:30,user_0009,logout,"{""browser"":""Edge"",""device"":""Desktop""}"
2025-04-26 08:33:30,user_0034,login,"{""browser"":""Firefox"",""device"":""Mobile""}"
2025-04-18 09:07:30,user_0024,update_profile,"{""browser"":""Edge"",""device"":""Desktop""}"
2025-04-28 20:51:30,user_0046,add_to_cart,"{""browser"":""Safari"",""device"":""Tablet""}"
2025-04-30 05:23:30,user_0018,view_product,"{""browser"":""Edge"",""device"":""Desktop""}"
2025-04-23 10:21:30,user_0032,logout,"{""browser"":""Safari"",""device"":""Tablet""}"
2025-05-02 20:01:30,user_0007,logout,"{""browser"":""Firefox"",""device"":""Mobile""}"
2025-04-18 07:59:30,user_0022,add_to_cart,"{""browser"":""Safari"",""device"":""Tablet""}"
2025-04-27 19:44:30,user_0009,view_product,"{""browser"":""Chrome"",""device"":""Desktop""}"
2025-04-21 01:05:30,user_0013,logout,"{""browser"":""Firefox"",""device"":""Mobile""}"
2025-04-26 15:35:30,user_0020,update_profile,"{""browser"":""Chrome"",""device"":""Desktop""}"
2025-04-06 20:20:30,user_0024,login,"{""browser"":""Safari"",""device"":""Tablet""}"
2025-04-20 01:10:30,user_0031,search,"{""browser"":""Chrome"",""device"":""Desktop""}"
2025-04-05 04:36:30,user_0044,update_profile,"{""browser"":""Chrome"",""device"":""Desktop""}"
2025-04-08 20:53:30,user_0033,login,"{""browser"":""Firefox"",""device"":""Mobile""}"
2025-05-06 14:24:30,user_0031,update_profile,"{""browser"":""Edge"",""device"":""Desktop""}"
2025-04-24 08:54:30,user_0033,login,"{""browser"":""Safari"",""device"":""Tablet""}"
2025-05-11 01:47:30,user_0019,login,"{""browser"":""Firefox"",""device"":""Mobile""}"
2025-04-29 06:30:30,user_0042,purchase,"{""browser"":""Safari"",""device"":""Tablet""}"
2025-04-29 03:08:30,user_0036,view_product,"{""browser"":""Safari"",""device"":""Tablet""}"
2025-05-05 21:38:30,user_0044,search,"{""browser"":""Firefox"",""device"":""Mobile""}"
2025-04-28 12:48:30,user_0025,login,"{""browser"":""Chrome"",""device"":""Desktop""}"
2025-04-08 22:02:30,user_0046,logout,"{""browser"":""Safari"",""device"":""Tablet""}"
2025-05-04 04:56:30,user_0040,logout,"{""browser"":""Safari"",""device"":""Tablet""}"
2025-04-18 11:44:30,user_0004,view_product,"{""browser"":""Chrome"",""device"":""Desktop""}"
2025-04-09 18:56:30,user_0048,view_product,"{""browser"":""Safari"",""device"":""Tablet""}"
2025-05-07 00:59:30,user_0043,view_product,"{""browser"":""Firefox"",""device"":""Mobile""}"
2025-05-12 03:59:30,user_0024,add_to_cart,"{""browser"":""Firefox"",""device"":""Mobile""}"
2025-04-25 12:48:30,user_0031,add_to_cart,"{""browser"":""Edge"",""device"":""Desktop""}"
2025-04-30 10:58:30,user_0012,view_product,"{""browser"":""Firefox"",""device"":""Mobile""}"
2025-04-28 00:58:30,user_0018,view_product,"{""browser"":""Chrome"",""device"":""Desktop""}"
2025-04-20 18:36:30,user_0004,logout,"{""browser"":""Safari"",""device"":""Tablet""}"
2025-04-29 18:16:30,user_0015,login,"{""browser"":""Safari"",""device"":""Tablet""}"
2025-05-03 21:21:30,user_0004,view_product,"{""browser"":""Safari"",""device"":""Tablet""}"
2025-05-13 00:28:30,user_0046,logout,"{""browser"":""Chrome"",""device"":""Desktop""}"
2025-04-14 12:34:30,user_0028,view_product,"{""browser"":""Safari"",""device"":""Tablet""}"
2025-04-23 19:50:30,user_0017,purchase,"{""browser"":""Chrome"",""device"":""Desktop""}"
2025-05-14 05:44:30,user_0021,login,"{""browser"":""Safari"",""device"":""Tablet""}"
2025-04-24 05:11:30,user_0038,purchase,"{""browser"":""Safari"",""device"":""Tablet""}"
2025-04-16 06:05:30,user_0033,add_to_cart,"{""browser"":""Edge"",""device"":""Desktop""}"
2025-04-30 22:07:30,user_0040,logout,"{""browser"":""Edge"",""device"":""Desktop""}"
2025-05-11 15:19:30,user_0048,view_product,"{""browser"":""Safari"",""device"":""Tablet""}"
2025-04-21 09:47:30,user_0018,add_to_cart,"{""browser"":""Firefox"",""device"":""Mobile""}"
2025-04-27 10:39:30,user_0040,login,"{""browser"":""Safari"",""device"":""Tablet""}"
2025-04-11 18:35:30,user_0049,logout,"{""browser"":""Edge"",""device"":""Desktop""}"
2025-04-20 22:43:30,user_0012,search,"{""browser"":""Safari"",""device"":""Tablet""}"
2025-04-14 02:30:30,user_0039,add_to_cart,"{""browser"":""Edge"",""device"":""Desktop""}"
2025-05-08 04:07:30,user_0023,add_to_cart,"{""browser"":""Chrome"",""device"":""Desktop""}"
2025-04-12 18:10:30,user_0035,login,"{""browser"":""Firefox"",""device"":""Mobile""}"
2025-05-07 01:18:30,user_0049,view_product,"{""browser"":""Chrome"",""device"":""Desktop""}"
2025-04-28 18:51:30,user_0021,search,"{""browser"":""Firefox"",""device"":""Mobile""}"
2025-04-30 00:48:30,user_0031,logout,"{""browser"":""Safari"",""device"":""Tablet""}"
2025-04-22 21:28:30,user_0031,login,"{""browser"":""Firefox"",""device"":""Mobile""}"
2025-04-25 18:13:30,user_0046,search,"{""browser"":""Edge"",""device"":""Desktop""}"
2025-05-03 13:34:30,user_0030,login,"{""browser"":""Safari"",""device"":""Tablet""}"
2025-04-05 20:53:30,user_0017,view_product,"{""browser"":""Edge"",""device"":""Desktop""}"
2025-04-18 19:18:30,user_0031,login,"{""browser"":""Chrome"",""device"":""Desktop""}"
2025-04-28 22:06:30,user_0012,login,"{""browser"":""Edge"",""device"":""Desktop""}"
2025-04-25 01:22:30,user_0005,update_profile,"{""browser"":""Chrome"",""device"":""Desktop""}"
2025-04-21 10:42:30,user_0045,view_product,"{""browser"":""Chrome"",""device"":""Desktop""}"
2025-04-29 14:47:30,user_0041,view_product,"{""browser"":""Firefox"",""device"":""Mobile""}"
2025-05-05 09:56:30,user_0015,view_product,"{""browser"":""Safari"",""device"":""Tablet""}"
2025-04-19 23:10:30,user_0040,view_product,"{""browser"":""Chrome"",""device"":""Desktop""}"
2025-04-06 19:22:30,user_0011,add_to_cart,"{""browser"":""Safari"",""device"":""Tablet""}"
2025-04-15 04:15:30,user_0015,update_profile,"{""browser"":""Firefox"",""device"":""Mobile""}"
2025-04-10 05:57:30,user_0043,purchase,"{""browser"":""Chrome"",""device"":""Desktop""}"
2025-05-09 13:01:30,user_0007,add_to_cart,"{""browser"":""Safari"",""device"":""Tablet""}"
2025-04-08 22:05:30,user_0016,view_product,"{""browser"":""Edge"",""device"":""Desktop""}"
2025-04-15 09:14:30,user_0031,search,"{""browser"":""Edge"",""device"":""Desktop""}"
2025-04-14 08:21:30,user_0030,purchase,"{""browser"":""Firefox"",""device"":""Mobile""}"
2025-05-05 15:28:30,user_0009,add_to_cart,"{""browser"":""Edge"",""device"":""Desktop""}"
2025-05-08 18:21:30,user_0033,view_product,"{""browser"":""Firefox"",""device"":""Mobile""}"
2025-05-09 13:11:30,user_0011,view_product,"{""browser"":""Chrome"",""device"":""Desktop""}"
2025-04-26 07:17:30,user_0021,view_product,"{""browser"":""Safari"",""device"":""Tablet""}"
2025-04-12 15:37:30,user_0048,add_to_cart,"{""browser"":""Safari"",""device"":""Tablet""}"
2025-04-07 02:31:30,user_0016,purchase,"{""browser"":""Edge"",""device"":""Desktop""}"
2025-04-11 12:52:30,user_0039,add_to_cart,"{""browser"":""Edge"",""device"":""Desktop""}"
2025-04-15 11:52:30,user_0008,add_to_cart,"{""browser"":""Safari"",""device"":""Tablet""}"
2025-04-21 02:39:30,user_0015,add_to_cart,"{""browser"":""Edge"",""device"":""Desktop""}"
2025-04-28 08:28:30,user_0032,view_product,"{""browser"":""Edge"",""device"":""Desktop""}"
2025-04-06 09:10:30,user_0005,update_profile,"{""browser"":""Safari"",""device"":""Tablet""}"
2025-04-24 12:01:30,user_0024,login,"{""browser"":""Edge"",""device"":""Desktop""}"
2025-05-08 22:14:30,user_0035,logout,"{""browser"":""Safari"",""device"":""Tablet""}"
2025-05-13 07:14:30,user_0047,update_profile,"{""browser"":""Firefox"",""device"":""Mobile""}"
2025-04-22 19:15:30,user_0049,view_product,"{""browser"":""Firefox"",""device"":""Mobile""}"
2025-04-08 22:34:30,user_0039,login,"{""browser"":""Safari"",""device"":""Tablet""}"
2025-04-09 13:35:30,user_0005,login,"{""browser"":""Firefox"",""device"":""Mobile""}"
2025-04-11 04:55:30,user_0030,update_profile,"{""browser"":""Edge"",""device"":""Desktop""}"
2025-04-30 10:14:30,user_0013,search,"{""browser"":""Edge"",""device"":""Desktop""}"
2025-04-09 00:55:30,user_0026,login,"{""browser"":""Edge"",""device"":""Desktop""}"
2025-04-26 19:34:30,user_0023,purchase,"{""browser"":""Chrome"",""device"":""Desktop""}"
2025-05-11 02:38:30,user_0032,login,"{""browser"":""Safari"",""device"":""Tablet""}"
2025-04-26 00:45:30,user_0013,logout,"{""browser"":""Firefox"",""device"":""Mobile""}"
2025-04-15 20:38:30,user_0013,logout,"{""browser"":""Firefox"",""device"":""Mobile""}"
2025-04-12 23:10:30,user_0027,login,"{""browser"":""Edge"",""device"":""Desktop""}"
2025-04-15 23:27:30,user_0015,view_product,"{""browser"":""Safari"",""device"":""Tablet""}"
2025-04-10 08:26:30,user_0009,logout,"{""browser"":""Firefox"",""device"":""Mobile""}"
2025-04-24 15:27:30,user_0015,purchase,"{""browser"":""Chrome"",""device"":""Desktop""}"
2025-04-07 09:44:30,user_0015,add_to_cart,"{""browser"":""Chrome"",""device"":""Desktop""}"
2025-04-16 05:16:30,user_0014,view_product,"{""browser"":""Chrome"",""device"":""Desktop""}"
2025-05-14 04:09:30,user_0009,add_to_cart,"{""browser"":""Firefox"",""device"":""Mobile""}"
2025-04-17 04:34:30,user_0002,add_to_cart,"{""browser"":""Chrome"",""device"":""Desktop""}"
2025-05-04 19:01:30,user_0015,view_product,"{""browser"":""Edge"",""device"":""Desktop""}"
2025-04-05 11:50:30,user_0015,add_to_cart,"{""browser"":""Safari"",""device"":""Tablet""}"
2025-04-13 20:07:30,user_0019,view_product,"{""browser"":""Chrome"",""device"":""Desktop""}"
2025-04-27 22:00:30,user_0024,view_product,"{""browser"":""Chrome"",""device"":""Desktop""}"
2025-05-07 21:52:30,user_0001,view_product,"{""browser"":""Firefox"",""device"":""Mobile""}"
2025-04-12 15:57:30,user_0002,logout,"{""browser"":""Firefox"",""device"":""Mobile""}"
2025-04-30 10:45:30,user_0040,add_to_cart,"{""browser"":""Firefox"",""device"":""Mobile""}"
2025-04-11 14:59:30,user_0034,purchase,"{""browser"":""Safari"",""device"":""Tablet""}"
2025-05-07 15:57:30,user_0043,view_product,"{""browser"":""Safari"",""device"":""Tablet""}"
2025-05-02 00:36:30,user_0004,view_product,"{""browser"":""Edge"",""device"":""Desktop""}"
2025-04-23 17:18:30,user_0015,add_to_cart,"{""browser"":""Firefox"",""device"":""Mobile""}"
2025-04-12 23:09:30,user_0023,login,"{""browser"":""Safari"",""device"":""Tablet""}"
2025-04-24 03:22:30,user_0030,login,"{""browser"":""Safari"",""device"":""Tablet""}"
2025-04-22 18:17:30,user_0009,login,"{""browser"":""Firefox"",""device"":""Mobile""}"
2025-05-12 08:28:30,user_0023,add_to_cart,"{""browser"":""Safari"",""device"":""Tablet""}"
2025-04-13 07:04:30,user_0032,view_product,"{""browser"":""Edge"",""device"":""Desktop""}"
2025-04-05 11:35:30,user_0008,view_product,"{""browser"":""Chrome"",""device"":""Desktop""}"
2025-04-20 15:08:30,user_0001,login,"{""browser"":""Chrome"",""device"":""Desktop""}"
2025-04-25 08:31:30,user_0013,logout,"{""browser"":""Edge"",""device"":""Desktop""}"
2025-04-10 14:01:30,user_0017,add_to_cart,"{""browser"":""Firefox"",""device"":""Mobile""}"
2025-04-11 18:16:30,user_0047,login,"{""browser"":""Edge"",""device"":""Desktop""}"
2025-04-19 13:38:30,user_0023,add_to_cart,"{""browser"":""Edge"",""device"":""Desktop""}"
2025-04-30 04:44:30,user_0007,view_product,"{""browser"":""Firefox"",""device"":""Mobile""}"
2025-04-12 07:55:30,user_0023,login,"{""browser"":""Chrome"",""device"":""Desktop""}"
2025-04-21 16:21:30,user_0015,purchase,"{""browser"":""Chrome"",""device"":""Desktop""}"
2025-04-09 22:05:30,user_0008,search,"{""browser"":""Firefox"",""device"":""Mobile""}"
2025-04-11 16:11:30,user_0027,login,"{""browser"":""Edge"",""device"":""Desktop""}"
2025-04-21 04:40:30,user_0046,search,"{""browser"":""Firefox"",""device"":""Mobile""}"
2025-04-18 04:57:30,user_0016,login,"{""browser"":""Safari"",""device"":""Tablet""}"
2025-05-04 18:27:30,user_0030,logout,"{""browser"":""Safari"",""device"":""Tablet""}"
2025-04-19 14:32:30,user_0034,update_profile,"{""browser"":""Safari"",""device"":""Tablet""}"
2025-04-26 07:00:30,user_0038,add_to_cart,"{""browser"":""Chrome"",""device"":""Desktop""}"
2025-04-15 16:15:30,user_0030,view_product,"{""browser"":""Chrome"",""device"":""Desktop""}"
2025-05-01 12:40:30,user_0008,logout,"{""browser"":""Safari"",""device"":""Tablet""}"
2025-04-25 16:50:30,user_0037,add_to_cart,"{""browser"":""Safari"",""device"":""Tablet""}"
2025-04-28 11:14:30,user_0020,purchase,"{""browser"":""Chrome"",""device"":""Desktop""}"
2025-05-05 09:10:30,user_0018,logout,"{""browser"":""Safari"",""device"":""Tablet""}"
2025-04-20 09:07:30,user_0042,search,"{""browser"":""Edge"",""device"":""Desktop""}"
2025-05-01 22:55:30,user_0008,view_product,"{""browser"":""Firefox"",""device"":""Mobile""}"
2025-04-20 07:01:30,user_0010,logout,"{""browser"":""Edge"",""device"":""Desktop""}"
2025-05-08 11:07:30,user_0043,logout,"{""browser"":""Safari"",""device"":""Tablet""}"
2025-04-24 03:02:30,user_0030,login,"{""browser"":""Edge"",""device"":""Desktop""}"
2025-04-22 19:35:30,user_0012,add_to_cart,"{""browser"":""Firefox"",""device"":""Mobile""}"
2025-04-07 08:17:30,user_0007,add_to_cart,"{""browser"":""Safari"",""device"":""Tablet""}"
2025-04-25 23:32:30,user_0003,logout,"{""browser"":""Chrome"",""device"":""Desktop""}"
2025-05-08 07:15:30,user_0044,logout,"{""browser"":""Chrome"",""device"":""Desktop""}"
2025-05-06 23:34:30,user_0011,add_to_cart,"{""browser"":""Edge"",""device"":""Desktop""}"
2025-04-06 01:18:30,user_0011,view_product,"{""browser"":""Chrome"",""device"":""Desktop""}"
2025-05-07 08:46:30,user_0003,logout,"{""browser"":""Safari"",""device"":""Tablet""}"
2025-05-12 21:06:30,user_0026,add_to_cart,"{""browser"":""Edge"",""device"":""Desktop""}"
2025-05-04 11:11:30,user_0025,add_to_cart,"{""browser"":""Chrome"",""device"":""Desktop""}"
2025-05-01 19:53:30,user_0033,logout,"{""browser"":""Chrome"",""device"":""Desktop""}"
2025-04-29 17:12:30,user_0028,view_product,"{""browser"":""Edge"",""device"":""Desktop""}"
2025-04-08 11:48:30,user_0034,view_product,"{""browser"":""Chrome"",""device"":""Desktop""}"
2025-05-08 23:03:30,user_0048,add_to_cart,"{""browser"":""Chrome"",""device"":""Desktop""}"
2025-05-07 17:56:30,user_0009,view_product,"{""browser"":""Edge"",""device"":""Desktop""}"
2025-04-15 22:56:30,user_0047,search,"{""browser"":""Firefox"",""device"":""Mobile""}"
2025-05-14 00:43:30,user_0017,search,"{""browser"":""Chrome"",""device"":""Desktop""}"
2025-04-12 16:16:30,user_0035,purchase,"{""browser"":""Edge"",""device"":""Desktop""}"
2025-04-04 20:54:30,user_0019,update_profile,"{""browser"":""Chrome"",""device"":""Desktop""}"
2025-04-17 21:59:30,user_0028,view_product,"{""browser"":""Safari"",""device"":""Tablet""}"
2025-04-26 23:36:30,user_0008,logout,"{""browser"":""Chrome"",""device"":""Desktop""}"
2025-04-17 11:54:30,user_0025,view_product,"{""browser"":""Edge"",""device"":""Desktop""}"
2025-04-05 12:38:30,user_0030,purchase,"{""browser"":""Edge"",""device"":""Desktop""}"
2025-04-21 09:57:30,user_0016,add_to_cart,"{""browser"":""Edge"",""device"":""Desktop""}"
2025-04-21 05:38:30,user_0024,logout,"{""browser"":""Chrome"",""device"":""Desktop""}"
2025-04-14 03:02:30,user_0017,add_to_cart,"{""browser"":""Chrome"",""device"":""Desktop""}"
2025-05-09 03:51:30,user_0042,search,"{""browser"":""Safari"",""device"":""Tablet""}"
2025-04-23 03:08:30,user_0012,view_product,"{""browser"":""Safari"",""device"":""Tablet""}"
2025-04-12 10:20:30,user_0033,logout,"{""browser"":""Firefox"",""device"":""Mobile""}"
2025-05-03 05:40:30,user_0020,view_product,"{""browser"":""Safari"",""device"":""Tablet""}"
2025-04-10 18:43:30,user_0048,logout,"{""browser"":""Safari"",""device"":""Tablet""}"
2025-04-24 10:48:30,user_0012,view_product,"{""browser"":""Firefox"",""device"":""Mobile""}"
2025-04-28 00:39:30,user_0022,logout,"{""browser"":""Chrome"",""device"":""Desktop""}"
2025-04-23 09:15:30,user_0012,view_product,"{""browser"":""Safari"",""device"":""Tablet""}"
2025-05-01 10:36:30,user_0016,search,"{""browser"":""Chrome"",""device"":""Desktop""}"
2025-04-18 12:24:30,user_0008,search,"{""browser"":""Chrome"",""device"":""Desktop""}"
2025-05-12 11:15:30,user_0037,logout,"{""browser"":""Firefox"",""device"":""Mobile""}"
2025-05-13 20:52:30,user_0006,view_product,"{""browser"":""Edge"",""device"":""Desktop""}"
2025-05-09 10:07:30,user_0017,add_to_cart,"{""browser"":""Edge"",""device"":""Desktop""}"
2025-05-11 07:36:30,user_0043,purchase,"{""browser"":""Firefox"",""device"":""Mobile""}"
2025-05-12 02:08:30,user_0027,logout,"{""browser"":""Safari"",""device"":""Tablet""}"
2025-04-14 14:19:30,user_0022,logout,"{""browser"":""Edge"",""device"":""Desktop""}"
2025-04-18 16:06:30,user_0022,search,"{""browser"":""Edge"",""device"":""Desktop""}"
2025-05-06 23:58:30,user_0028,add_to_cart,"{""browser"":""Safari"",""device"":""Tablet""}"
2025-04-20 04:30:30,user_0037,view_product,"{""browser"":""Edge"",""device"":""Desktop""}"
2025-04-20 15:27:30,user_0028,login,"{""browser"":""Firefox"",""device"":""Mobile""}"
2025-04-30 23:25:30,user_0017,add_to_cart,"{""browser"":""Safari"",""device"":""Tablet""}"
2025-05-13 17:50:30,user_0005,login,"{""browser"":""Firefox"",""device"":""Mobile""}"
2025-05-07 06:59:30,user_0026,view_product,"{""browser"":""Edge"",""device"":""Desktop""}"
2025-04-29 02:07:30,user_0020,view_product,"{""browser"":""Edge"",""device"":""Desktop""}"
2025-04-27 04:49:30,user_0019,logout,"{""browser"":""Safari"",""device"":""Tablet""}"
2025-05-03 10:06:30,user_0039,search,"{""browser"":""Safari"",""device"":""Tablet""}"
2025-04-30 05:14:30,user_0005,login,"{""browser"":""Firefox"",""device"":""Mobile""}"
2025-04-05 14:39:30,user_0037,view_product,"{""browser"":""Safari"",""device"":""Tablet""}"
2025-04-28 05:15:30,user_0045,login,"{""browser"":""Chrome"",""device"":""Desktop""}"
2025-04-19 15:58:30,user_0029,login,"{""browser"":""Firefox"",""device"":""Mobile""}"
2025-05-11 04:21:30,user_0014,logout,"{""browser"":""Safari"",""device"":""Tablet""}"
2025-04-11 20:42:30,user_0008,purchase,"{""browser"":""Firefox"",""device"":""Mobile""}"
2025-04-16 16:53:30,user_0022,search,"{""browser"":""Firefox"",""device"":""Mobile""}"
2025-05-14 04:21:30,user_0031,login,"{""browser"":""Edge"",""device"":""Desktop""}"
2025-05-01 22:21:30,user_0037,logout,"{""browser"":""Safari"",""device"":""Tablet""}"
2025-05-14 16:33:30,user_0026,view_product,"{""browser"":""Chrome"",""device"":""Desktop""}"
2025-04-20 21:18:30,user_0025,login,"{""browser"":""Edge"",""device"":""Desktop""}"
2025-04-15 05:44:30,user_0013,login,"{""browser"":""Firefox"",""device"":""Mobile""}"
2025-04-09 07:24:30,user_0042,add_to_cart,"{""browser"":""Safari"",""device"":""Tablet""}"
2025-04-13 13:35:30,user_0005,view_product,"{""browser"":""Edge"",""device"":""Desktop""}"
2025-04-17 00:48:30,user_0032,add_to_cart,"{""browser"":""Edge"",""device"":""Desktop""}"
2025-04-10 02:03:30,user_0019,add_to_cart,"{""browser"":""Chrome"",""device"":""Desktop""}"
2025-04-08 12:02:30,user_0018,update_profile,"{""browser"":""Chrome"",""device"":""Desktop""}"
2025-04-08 19:38:30,user_0031,search,"{""browser"":""Chrome"",""device"":""Desktop""}"
2025-05-06 01:47:30,user_0014,update_profile,"{""browser"":""Safari"",""device"":""Tablet""}"
2025-05-02 15:06:30,user_0018,add_to_cart,"{""browser"":""Firefox"",""device"":""Mobile""}"
2025-05-14 07:17:30,user_0009,add_to_cart,"{""browser"":""Firefox"",""device"":""Mobile""}"
2025-04-28 01:19:30,user_0008,login,"{""browser"":""Edge"",""device"":""Desktop""}"
2025-04-13 18:31:30,user_0046,login,"{""browser"":""Chrome"",""device"":""Desktop""}"
2025-05-08 18:46:30,user_0017,login,"{""browser"":""Firefox"",""device"":""Mobile""}"
2025-04-25 06:30:30,user_0029,add_to_cart,"{""browser"":""Chrome"",""device"":""Desktop""}"
2025-04-26 19:48:30,user_0027,login,"{""browser"":""Firefox"",""device"":""Mobile""}"
2025-04-08 14:06:30,user_0047,view_product,"{""browser"":""Firefox"",""device"":""Mobile""}"
2025-04-11 16:31:30,user_0046,logout,"{""browser"":""Safari"",""device"":""Tablet""}"
2025-04-05 08:01:30,user_0021,login,"{""browser"":""Edge"",""device"":""Desktop""}"
2025-04-07 05:48:30,user_0004,logout,"{""browser"":""Chrome"",""device"":""Desktop""}"
2025-04-12 09:13:30,user_0048,search,"{""browser"":""Edge"",""device"":""Desktop""}"
2025-04-04 23:12:30,user_0006,add_to_cart,"{""browser"":""Edge"",""device"":""Desktop""}"
2025-04-12 02:47:30,user_0046,search,"{""browser"":""Firefox"",""device"":""Mobile""}"
2025-04-26 21:13:30,user_0049,add_to_cart,"{""browser"":""Edge"",""device"":""Desktop""}"
2025-04-24 00:06:30,user_0025,search,"{""browser"":""Firefox"",""device"":""Mobile""}"
2025-04-23 08:34:30,user_0033,search,"{""browser"":""Firefox"",""device"":""Mobile""}"
2025-04-15 07:06:30,user_0034,logout,"{""browser"":""Edge"",""device"":""Desktop""}"
2025-04-26 15:59:30,user_0027,add_to_cart,"{""browser"":""Safari"",""device"":""Tablet""}"
2025-04-27 00:06:30,user_0032,search,"{""browser"":""Safari"",""device"":""Tablet""}"
2025-05-10 23:34:30,user_0007,purchase,"{""browser"":""Chrome"",""device"":""Desktop""}"
2025-04-23 19:08:30,user_0049,add_to_cart,"{""browser"":""Safari"",""device"":""Tablet""}"
2025-05-09 23:06:30,user_0013,view_product,"{""browser"":""Chrome"",""device"":""Desktop""}"
2025-04-22 10:31:30,user_0043,view_product,"{""browser"":""Firefox"",""device"":""Mobile""}"
2025-04-06 15:45:30,user_0035,add_to_cart,"{""browser"":""Edge"",""device"":""Desktop""}"
2025-04-19 22:36:30,user_0025,view_product,"{""browser"":""Chrome"",""device"":""Desktop""}"
2025-04-15 19:34:30,user_0005,login,"{""browser"":""Firefox"",""device"":""Mobile""}"
2025-04-14 07:07:30,user_0018,login,"{""browser"":""Firefox"",""device"":""Mobile""}"
2025-05-09 04:10:30,user_0019,logout,"{""browser"":""Chrome"",""device"":""Desktop""}"
2025-05-04 06:03:30,user_0009,view_product,"{""browser"":""Chrome"",""device"":""Desktop""}"
2025-05-01 03:53:30,user_0040,login,"{""browser"":""Chrome"",""device"":""Desktop""}"
2025-04-15 16:09:30,user_0032,login,"{""browser"":""Edge"",""device"":""Desktop""}"
2025-04-21 00:52:30,user_0006,add_to_cart,"{""browser"":""Firefox"",""device"":""Mobile""}"
2025-05-02 09:29:30,user_0014,purchase,"{""browser"":""Edge"",""device"":""Desktop""}"
2025-04-12 01:02:30,user_0030,view_product,"{""browser"":""Chrome"",""device"":""Desktop""}"
2025-05-06 11:58:30,user_0050,logout,"{""browser"":""Edge"",""device"":""Desktop""}"
2025-04-18 19:56:30,user_0024,view_product,"{""browser"":""Firefox"",""device"":""Mobile""}"
2025-04-11 07:26:30,user_0009,login,"{""browser"":""Chrome"",""device"":""Desktop""}"
2025-04-13 03:40:30,user_0042,add_to_cart,"{""browser"":""Chrome"",""device"":""Desktop""}"
2025-04-06 17:41:30,user_0046,update_profile,"{""browser"":""Edge"",""device"":""Desktop""}"
2025-05-03 13:40:30,user_0041,search,"{""browser"":""Edge"",""device"":""Desktop""}"
2025-05-14 02:18:30,user_0024,logout,"{""browser"":""Edge"",""device"":""Desktop""}"
2025-04-20 16:44:30,user_0027,search,"{""browser"":""Edge"",""device"":""Desktop""}"
2025-04-13 22:15:30,user_0029,search,"{""browser"":""Chrome"",""device"":""Desktop""}"
2025-04-25 03:36:30,user_0012,login,"{""browser"":""Edge"",""device"":""Desktop""}"
2025-04-30 13:35:30,user_0027,view_product,"{""browser"":""Chrome"",""device"":""Desktop""}"
2025-04-10 18:02:30,user_0012,logout,"{""browser"":""Safari"",""device"":""Tablet""}"
2025-04-07 15:57:30,user_0009,view_product,"{""browser"":""Edge"",""device"":""Desktop""}"
2025-05-12 21:46:30,user_0008,view_product,"{""browser"":""Firefox"",""device"":""Mobile""}"
2025-05-03 08:14:30,user_0009,update_profile,"{""browser"":""Firefox"",""device"":""Mobile""}"
2025-04-18 16:25:30,user_0008,view_product,"{""browser"":""Safari"",""device"":""Tablet""}"
2025-04-16 18:31:30,user_0034,search,"{""browser"":""Chrome"",""device"":""Desktop""}"
2025-04-20 16:01:30,user_0026,update_profile,"{""browser"":""Chrome"",""device"":""Desktop""}"
2025-04-25 05:56:30,user_0010,view_product,"{""browser"":""Firefox"",""device"":""Mobile""}"
2025-04-15 02:37:30,user_0020,login,"{""browser"":""Chrome"",""device"":""Desktop""}"
2025-05-13 17:00:30,user_0028,view_product,"{""browser"":""Firefox"",""device"":""Mobile""}"
2025-04-15 12:06:30,user_0038,add_to_cart,"{""browser"":""Firefox"",""device"":""Mobile""}"
2025-05-11 04:21:30,user_0023,view_product,"{""browser"":""Firefox"",""device"":""Mobile""}"
2025-04-06 01:22:30,user_0001,view_product,"{""browser"":""Edge"",""device"":""Desktop""}"
2025-04-18 02:40:30,user_0029,add_to_cart,"{""browser"":""Firefox"",""device"":""Mobile""}"
2025-04-13 02:26:30,user_0034,login,"{""browser"":""Edge"",""device"":""Desktop""}"
2025-05-12 16:00:30,user_0020,add_to_cart,"{""browser"":""Safari"",""device"":""Tablet""}"
2025-04-16 04:01:30,user_0032,view_product,"{""browser"":""Safari"",""device"":""Tablet""}"
2025-05-12 09:53:30,user_0011,login,"{""browser"":""Edge"",""device"":""Desktop""}"
2025-04-25 22:50:30,user_0047,purchase,"{""browser"":""Chrome"",""device"":""Desktop""}"
2025-05-08 10:28:30,user_0045,search,"{""browser"":""Firefox"",""device"":""Mobile""}"
2025-04-15 07:12:30,user_0002,login,"{""browser"":""Firefox"",""device"":""Mobile""}"
2025-04-16 22:04:30,user_0046,view_product,"{""browser"":""Edge"",""device"":""Desktop""}"
2025-04-23 08:14:30,user_0019,search,"{""browser"":""Safari"",""device"":""Tablet""}"
2025-05-12 21:15:30,user_0006,view_product,"{""browser"":""Firefox"",""device"":""Mobile""}"
2025-04-19 06:41:30,user_0031,view_product,"{""browser"":""Chrome"",""device"":""Desktop""}"
2025-04-07 05:16:30,user_0045,search,"{""browser"":""Safari"",""device"":""Tablet""}"
2025-05-05 07:20:30,user_0007,logout,"{""browser"":""Safari"",""device"":""Tablet""}"
2025-05-01 09:19:30,user_0025,update_profile,"{""browser"":""Safari"",""device"":""Tablet""}"
2025-05-01 16:37:30,user_0014,logout,"{""browser"":""Safari"",""device"":""Tablet""}"
2025-04-28 14:34:30,user_0026,add_to_cart,"{""browser"":""Chrome"",""device"":""Desktop""}"
2025-04-30 13:07:30,user_0033,add_to_cart,"{""browser"":""Chrome"",""device"":""Desktop""}"
2025-04-10 17:03:30,user_0027,add_to_cart,"{""browser"":""Edge"",""device"":""Desktop""}"
2025-04-21 19:14:30,user_0013,view_product,"{""browser"":""Chrome"",""device"":""Desktop""}"
2025-04-23 14:21:30,user_0022,view_product,"{""browser"":""Chrome"",""device"":""Desktop""}"
2025-05-13 21:28:30,user_0020,view_product,"{""browser"":""Edge"",""device"":""Desktop""}"
2025-04-05 23:39:30,user_0050,view_product,"{""browser"":""Firefox"",""device"":""Mobile""}"
2025-04-07 19:55:30,user_0016,search,"{""browser"":""Safari"",""device"":""Tablet""}"
2025-04-29 01:34:30,user_0008,add_to_cart,"{""browser"":""Chrome"",""device"":""Desktop""}"
2025-04-09 22:47:30,user_0039,add_to_cart,"{""browser"":""Firefox"",""device"":""Mobile""}"
2025-04-07 01:56:30,user_0038,purchase,"{""browser"":""Safari"",""device"":""Tablet""}"
2025-04-25 18:56:30,user_0036,add_to_cart,"{""browser"":""Firefox"",""device"":""Mobile""}"
2025-04-10 09:49:30,user_0001,add_to_cart,"{""browser"":""Firefox"",""device"":""Mobile""}"
2025-04-25 12:31:30,user_0050,logout,"{""browser"":""Edge"",""device"":""Desktop""}"
2025-05-06 21:15:30,user_0027,logout,"{""browser"":""Chrome"",""device"":""Desktop""}"
2025-04-10 22:38:30,user_0019,add_to_cart,"{""browser"":""Firefox"",""device"":""Mobile""}"
2025-04-20 14:27:30,user_0043,view_product,"{""browser"":""Firefox"",""device"":""Mobile""}"
2025-04-17 21:08:30,user_0005,update_profile,"{""browser"":""Edge"",""device"":""Desktop""}"
2025-04-08 01:56:30,user_0027,add_to_cart,"{""browser"":""Firefox"",""device"":""Mobile""}"
2025-04-06 00:14:30,user_0016,view_product,"{""browser"":""Firefox"",""device"":""Mobile""}"
2025-04-29 07:05:30,user_0040,add_to_cart,"{""browser"":""Safari"",""device"":""Tablet""}"
2025-05-03 03:36:30,user_0009,search,"{""browser"":""Firefox"",""device"":""Mobile""}"
2025-04-16 17:02:30,user_0036,add_to_cart,"{""browser"":""Firefox"",""device"":""Mobile""}"
2025-05-13 05:49:30,user_0036,logout,"{""browser"":""Safari"",""device"":""Tablet""}"
2025-04-18 17:46:30,user_0003,view_product,"{""browser"":""Firefox"",""device"":""Mobile""}"
2025-04-05 00:26:30,user_0018,view_product,"{""browser"":""Firefox"",""device"":""Mobile""}"
2025-04-07 17:41:30,user_0011,logout,"{""browser"":""Chrome"",""device"":""Desktop""}"
2025-05-13 12:34:30,user_0008,add_to_cart,"{""browser"":""Chrome"",""device"":""Desktop""}"
2025-04-21 22:11:30,user_0005,add_to_cart,"{""browser"":""Chrome"",""device"":""Desktop""}"
2025-04-09 07:31:30,user_0026,add_to_cart,"{""browser"":""Chrome"",""device"":""Desktop""}"
2025-04-15 08:24:30,user_0033,logout,"{""browser"":""Safari"",""device"":""Tablet""}"
2025-05-09 19:42:30,user_0050,view_product,"{""browser"":""Chrome"",""device"":""Desktop""}"
2025-04-27 23:06:30,user_0011,search,"{""browser"":""Safari"",""device"":""Tablet""}"
2025-04-20 07:43:30,user_0012,login,"{""browser"":""Edge"",""device"":""Desktop""}"
2025-05-10 20:55:30,user_0028,login,"{""browser"":""Chrome"",""device"":""Desktop""}"
2025-04-26 04:49:30,user_0035,view_product,"{""browser"":""Firefox"",""device"":""Mobile""}"
2025-05-06 16:30:30,user_0042,login,"{""browser"":""Firefox"",""device"":""Mobile""}"
2025-04-27 12:39:30,user_0032,add_to_cart,"{""browser"":""Chrome"",""device"":""Desktop""}"
2025-04-19 18:44:30,user_0025,logout,"{""browser"":""Safari"",""device"":""Tablet""}"
2025-04-27 01:45:30,user_0024,login,"{""browser"":""Chrome"",""device"":""Desktop""}"
2025-04-24 06:55:30,user_0041,view_product,"{""browser"":""Safari"",""device"":""Tablet""}"
2025-04-08 01:46:30,user_0006,search,"{""browser"":""Chrome"",""device"":""Desktop""}"
2025-04-09 03:11:30,user_0012,logout,"{""browser"":""Safari"",""device"":""Tablet""}"
2025-04-08 02:21:30,user_0010,view_product,"{""browser"":""Safari"",""device"":""Tablet""}"
2025-04-19 04:23:30,user_0024,view_product,"{""browser"":""Safari"",""device"":""Tablet""}"
2025-05-07 06:53:30,user_0040,search,"{""browser"":""Edge"",""device"":""Desktop""}"
2025-04-16 11:16:30,user_0019,logout,"{""browser"":""Safari"",""device"":""Tablet""}"
2025-05-10 11:28:30,user_0018,view_product,"{""browser"":""Edge"",""device"":""Desktop""}"
2025-04-16 00:59:30,user_0024,purchase,"{""browser"":""Chrome"",""device"":""Desktop""}"
2025-04-11 16:20:30,user_0045,view_product,"{""browser"":""Chrome"",""device"":""Desktop""}"
2025-04-18 17:25:30,user_0007,logout,"{""browser"":""Chrome"",""device"":""Desktop""}"
2025-05-08 18:28:30,user_0004,purchase,"{""browser"":""Chrome"",""device"":""Desktop""}"
2025-04-16 15:40:30,user_0046,view_product,"{""browser"":""Chrome"",""device"":""Desktop""}"
2025-04-16 17:22:30,user_0026,view_product,"{""browser"":""Firefox"",""device"":""Mobile""}"
2025-04-12 18:16:30,user_0008,logout,"{""browser"":""Safari"",""device"":""Tablet""}"
2025-04-05 00:05:30,user_0050,search,"{""browser"":""Firefox"",""device"":""Mobile""}"
2025-04-22 13:19:30,user_0007,view_product,"{""browser"":""Chrome"",""device"":""Desktop""}"
2025-05-07 05:13:30,user_0033,view_product,"{""browser"":""Chrome"",""device"":""Desktop""}"
2025-04-05 02:09:30,user_0004,view_product,"{""browser"":""Safari"",""device"":""Tablet""}"
2025-05-01 07:24:30,user_0039,add_to_cart,"{""browser"":""Firefox"",""device"":""Mobile""}"
2025-05-08 03:56:30,user_0036,add_to_cart,"{""browser"":""Safari"",""device"":""Tablet""}"
2025-05-13 09:28:30,user_0012,view_product,"{""browser"":""Safari"",""device"":""Tablet""}"
2025-04-27 04:02:30,user_0011,add_to_cart,"{""browser"":""Chrome"",""device"":""Desktop""}"
2025-04-28 21:42:30,user_0006,view_product,"{""browser"":""Edge"",""device"":""Desktop""}"
2025-05-13 03:47:30,user_0012,add_to_cart,"{""browser"":""Chrome"",""device"":""Desktop""}"
2025-05-12 16:53:30,user_0001,add_to_cart,"{""browser"":""Safari"",""device"":""Tablet""}"
2025-05-04 16:04:30,user_0005,view_product,"{""browser"":""Safari"",""device"":""Tablet""}"
2025-04-17 15:34:30,user_0036,update_profile,"{""browser"":""Safari"",""device"":""Tablet""}"
2025-05-11 06:47:30,user_0013,purchase,"{""browser"":""Safari"",""device"":""Tablet""}"
2025-04-07 11:11:30,user_0034,search,"{""browser"":""Firefox"",""device"":""Mobile""}"
2025-05-12 12:34:30,user_0034,logout,"{""browser"":""Firefox"",""device"":""Mobile""}"
2025-05-14 10:56:30,user_0025,update_profile,"{""browser"":""Edge"",""device"":""Desktop""}"
2025-04-27 21:05:30,user_0032,logout,"{""browser"":""Safari"",""device"":""Tablet""}"
2025-04-14 06:34:30,user_0007,view_product,"{""browser"":""Safari"",""device"":""Tablet""}"
2025-04-21 02:42:30,user_0047,login,"{""browser"":""Edge"",""device"":""Desktop""}"
2025-04-22 18:26:30,user_0040,search,"{""browser"":""Edge"",""device"":""Desktop""}"
2025-04-07 15:59:30,user_0016,purchase,"{""browser"":""Chrome"",""device"":""Desktop""}"
2025-04-08 12:27:30,user_0031,view_product,"{""browser"":""Edge"",""device"":""Desktop""}"
2025-04-05 20:24:30,user_0009,search,"{""browser"":""Firefox"",""device"":""Mobile""}"
2025-04-12 21:42:30,user_0002,login,"{""browser"":""Firefox"",""device"":""Mobile""}"
2025-05-11 11:56:30,user_0035,view_product,"{""browser"":""Chrome"",""device"":""Desktop""}"
2025-04-12 02:39:30,user_0027,logout,"{""browser"":""Safari"",""device"":""Tablet""}"
2025-05-01 20:15:30,user_0045,search,"{""browser"":""Edge"",""device"":""Desktop""}"
2025-05-01 23:38:30,user_0049,login,"{""browser"":""Edge"",""device"":""Desktop""}"
2025-04-16 18:30:30,user_0044,search,"{""browser"":""Edge"",""device"":""Desktop""}"
2025-04-14 05:05:30,user_0015,view_product,"{""browser"":""Chrome"",""device"":""Desktop""}"
2025-05-07 02:13:30,user_0001,login,"{""browser"":""Edge"",""device"":""Desktop""}"
2025-04-14 16:45:30,user_0028,login,"{""browser"":""Chrome"",""device"":""Desktop""}"
2025-04-15 10:33:30,user_0044,add_to_cart,"{""browser"":""Chrome"",""device"":""Desktop""}"
2025-05-02 00:34:30,user_0035,update_profile,"{""browser"":""Chrome"",""device"":""Desktop""}"
2025-04-21 12:43:30,user_0005,view_product,"{""browser"":""Safari"",""device"":""Tablet""}"
2025-04-30 10:56:30,user_0038,logout,"{""browser"":""Edge"",""device"":""Desktop""}"
2025-04-23 15:55:30,user_0015,logout,"{""browser"":""Firefox"",""device"":""Mobile""}"
2025-05-11 12:21:30,user_0040,login,"{""browser"":""Firefox"",""device"":""Mobile""}"
2025-04-18 01:34:30,user_0003,add_to_cart,"{""browser"":""Safari"",""device"":""Tablet""}"
2025-05-07 23:39:30,user_0034,add_to_cart,"{""browser"":""Edge"",""device"":""Desktop""}"
2025-04-30 13:38:30,user_0029,search,"{""browser"":""Firefox"",""device"":""Mobile""}"
2025-04-22 12:18:30,user_0028,logout,"{""browser"":""Safari"",""device"":""Tablet""}"
2025-04-24 22:08:30,user_0017,view_product,"{""browser"":""Chrome"",""device"":""Desktop""}"
2025-05-08 22:56:30,user_0028,search,"{""browser"":""Safari"",""device"":""Tablet""}"
2025-05-06 03:25:30,user_0012,purchase,"{""browser"":""Chrome"",""device"":""Desktop""}"
2025-04-19 21:34:30,user_0027,add_to_cart,"{""browser"":""Edge"",""device"":""Desktop""}"
2025-04-10 07:55:30,user_0023,login,"{""browser"":""Firefox"",""device"":""Mobile""}"
2025-04-27 06:01:30,user_0012,search,"{""browser"":""Firefox"",""device"":""Mobile""}"
2025-04-17 07:50:30,user_0028,view_product,"{""browser"":""Chrome"",""device"":""Desktop""}"
2025-04-30 09:58:30,user_0014,view_product,"{""browser"":""Firefox"",""device"":""Mobile""}"
2025-05-07 07:16:30,user_0041,update_profile,"{""browser"":""Chrome"",""device"":""Desktop""}"
2025-04-12 11:10:30,user_0017,search,"{""browser"":""Chrome"",""device"":""Desktop""}"
2025-04-10 05:02:30,user_0015,add_to_cart,"{""browser"":""Firefox"",""device"":""Mobile""}"
2025-05-09 12:55:30,user_0005,logout,"{""browser"":""Safari"",""device"":""Tablet""}"
2025-05-03 03:20:30,user_0002,logout,"{""browser"":""Edge"",""device"":""Desktop""}"
2025-05-04 06:33:30,user_0047,update_profile,"{""browser"":""Chrome"",""device"":""Desktop""}"
2025-04-11 21:26:30,user_0035,add_to_cart,"{""browser"":""Safari"",""device"":""Tablet""}"
2025-04-28 14:10:30,user_0015,logout,"{""browser"":""Safari"",""device"":""Tablet""}"
2025-05-06 09:35:30,user_0001,logout,"{""browser"":""Chrome"",""device"":""Desktop""}"
2025-05-02 20:53:30,user_0040,purchase,"{""browser"":""Safari"",""device"":""Tablet""}"
2025-04-20 21:21:30,user_0039,login,"{""browser"":""Firefox"",""device"":""Mobile""}"
2025-04-17 01:55:30,user_0012,add_to_cart,"{""browser"":""Edge"",""device"":""Desktop""}"
2025-04-13 13:45:30,user_0031,add_to_cart,"{""browser"":""Safari"",""device"":""Tablet""}"
2025-04-10 16:43:30,user_0026,purchase,"{""browser"":""Edge"",""device"":""Desktop""}"
2025-04-07 15:43:30,user_0023,search,"{""browser"":""Safari"",""device"":""Tablet""}"
2025-05-09 01:54:30,user_0037,view_product,"{""browser"":""Chrome"",""device"":""Desktop""}"
2025-04-10 06:48:30,user_0034,login,"{""browser"":""Firefox"",""device"":""Mobile""}"
2025-04-20 19:13:30,user_0017,view_product,"{""browser"":""Safari"",""device"":""Tablet""}"
2025-05-10 13:25:30,user_0030,purchase,"{""browser"":""Safari"",""device"":""Tablet""}"
2025-05-12 23:31:30,user_0001,login,"{""browser"":""Firefox"",""device"":""Mobile""}"
2025-04-12 04:59:30,user_0008,login,"{""browser"":""Safari"",""device"":""Tablet""}"
2025-05-01 19:57:30,user_0043,update_profile,"{""browser"":""Firefox"",""device"":""Mobile""}"
2025-04-06 15:25:30,user_0046,update_profile,"{""browser"":""Safari"",""device"":""Tablet""}"
2025-04-20 11:26:30,user_0036,logout,"{""browser"":""Edge"",""device"":""Desktop""}"
2025-04-30 00:33:30,user_0017,add_to_cart,"{""browser"":""Edge"",""device"":""Desktop""}"
2025-05-09 06:33:30,user_0002,view_product,"{""browser"":""Firefox"",""device"":""Mobile""}"
2025-04-27 15:13:30,user_0007,logout,"{""browser"":""Chrome"",""device"":""Desktop""}"
2025-05-10 06:14:30,user_0017,view_product,"{""browser"":""Safari"",""device"":""Tablet""}"
2025-04-14 03:41:30,user_0048,login,"{""browser"":""Safari"",""device"":""Tablet""}"
2025-04-13 19:04:30,user_0013,view_product,"{""browser"":""Safari"",""device"":""Tablet""}"
2025-04-11 12:54:30,user_0041,purchase,"{""browser"":""Edge"",""device"":""Desktop""}"
2025-04-06 06:06:30,user_0022,purchase,"{""browser"":""Safari"",""device"":""Tablet""}"
2025-05-07 10:11:30,user_0015,purchase,"{""browser"":""Firefox"",""device"":""Mobile""}"
2025-04-23 03:19:30,user_0048,purchase,"{""browser"":""Chrome"",""device"":""Desktop""}"
2025-05-12 21:00:30,user_0015,view_product,"{""browser"":""Safari"",""device"":""Tablet""}"
2025-04-15 00:44:30,user_0049,search,"{""browser"":""Edge"",""device"":""Desktop""}"
2025-05-02 09:35:30,user_0027,view_product,"{""browser"":""Safari"",""device"":""Tablet""}"
2025-05-06 18:14:30,user_0036,login,"{""browser"":""Safari"",""device"":""Tablet""}"
2025-04-26 15:56:30,user_0046,login,"{""browser"":""Edge"",""device"":""Desktop""}"
2025-05-05 11:45:30,user_0002,add_to_cart,"{""browser"":""Edge"",""device"":""Desktop""}"
2025-04-27 07:29:30,user_0028,view_product,"{""browser"":""Edge"",""device"":""Desktop""}"
2025-04-10 07:58:30,user_0044,view_product,"{""browser"":""Firefox"",""device"":""Mobile""}"
2025-04-27 09:16:30,user_0041,logout,"{""browser"":""Firefox"",""device"":""Mobile""}"
2025-04-18 14:07:30,user_0023,logout,"{""browser"":""Safari"",""device"":""Tablet""}"
2025-05-02 00:05:30,user_0033,view_product,"{""browser"":""Edge"",""device"":""Desktop""}"
2025-05-10 14:10:30,user_0011,login,"{""browser"":""Chrome"",""device"":""Desktop""}"
2025-04-15 13:13:30,user_0023,add_to_cart,"{""browser"":""Chrome"",""device"":""Desktop""}"
2025-04-22 10:18:30,user_0046,view_product,"{""browser"":""Safari"",""device"":""Tablet""}"
2025-04-20 23:23:30,user_0044,add_to_cart,"{""browser"":""Firefox"",""device"":""Mobile""}"
2025-05-11 22:54:30,user_0008,login,"{""browser"":""Chrome"",""device"":""Desktop""}"
2025-05-07 10:43:30,user_0012,login,"{""browser"":""Chrome"",""device"":""Desktop""}"
2025-05-06 06:21:30,user_0014,view_product,"{""browser"":""Chrome"",""device"":""Desktop""}"
2025-05-11 05:49:30,user_0008,logout,"{""browser"":""Firefox"",""device"":""Mobile""}"
2025-05-03 15:16:30,user_0035,logout,"{""browser"":""Safari"",""device"":""Tablet""}"
2025-05-04 15:41:30,user_0041,login,"{""browser"":""Chrome"",""device"":""Desktop""}"
2025-05-10 20:44:30,user_0049,view_product,"{""browser"":""Safari"",""device"":""Tablet""}"
2025-04-29 16:14:30,user_0012,search,"{""browser"":""Chrome"",""device"":""Desktop""}"
2025-05-11 00:18:30,user_0019,purchase,"{""browser"":""Safari"",""device"":""Tablet""}"
2025-04-06 23:49:30,user_0038,view_product,"{""browser"":""Edge"",""device"":""Desktop""}"
2025-05-08 11:36:30,user_0005,login,"{""browser"":""Edge"",""device"":""Desktop""}"
2025-04-28 00:28:30,user_0039,view_product,"{""browser"":""Firefox"",""device"":""Mobile""}"
2025-04-26 10:42:30,user_0024,update_profile,"{""browser"":""Safari"",""device"":""Tablet""}"
2025-04-29 14:58:30,user_0044,login,"{""browser"":""Firefox"",""device"":""Mobile""}"
2025-05-10 03:50:30,user_0043,purchase,"{""browser"":""Safari"",""device"":""Tablet""}"
2025-05-09 05:43:30,user_0046,add_to_cart,"{""browser"":""Chrome"",""device"":""Desktop""}"
2025-04-24 06:02:30,user_0013,view_product,"{""browser"":""Firefox"",""device"":""Mobile""}"
2025-04-15 15:16:30,user_0024,purchase,"{""browser"":""Chrome"",""device"":""Desktop""}"
2025-04-11 13:40:30,user_0023,login,"{""browser"":""Chrome"",""device"":""Desktop""}"
2025-04-24 15:24:30,user_0033,logout,"{""browser"":""Edge"",""device"":""Desktop""}"
2025-04-24 17:19:30,user_0015,logout,"{""browser"":""Firefox"",""device"":""Mobile""}"
2025-04-11 09:39:30,user_0032,logout,"{""browser"":""Edge"",""device"":""Desktop""}"
2025-04-04 23:15:30,user_0044,search,"{""browser"":""Safari"",""device"":""Tablet""}"
2025-05-13 06:18:30,user_0026,login,"{""browser"":""Firefox"",""device"":""Mobile""}"
2025-04-05 09:03:30,user_0025,logout,"{""browser"":""Firefox"",""device"":""Mobile""}"
2025-04-05 10:07:30,user_0033,update_profile,"{""browser"":""Edge"",""device"":""Desktop""}"
2025-04-08 03:56:30,user_0016,add_to_cart,"{""browser"":""Firefox"",""device"":""Mobile""}"
2025-04-18 11:57:30,user_0032,logout,"{""browser"":""Edge"",""device"":""Desktop""}"
2025-04-09 20:23:30,user_0044,login,"{""browser"":""Edge"",""device"":""Desktop""}"
2025-05-09 06:33:30,user_0015,view_product,"{""browser"":""Chrome"",""device"":""Desktop""}"
2025-04-29 14:08:30,user_0001,login,"{""browser"":""Chrome"",""device"":""Desktop""}"
2025-04-27 07:23:30,user_0041,login,"{""browser"":""Chrome"",""device"":""Desktop""}"
2025-04-22 06:43:30,user_0026,view_product,"{""browser"":""Chrome"",""device"":""Desktop""}"
2025-04-24 15:34:30,user_0044,search,"{""browser"":""Safari"",""device"":""Tablet""}"
2025-04-12 13:02:30,user_0036,search,"{""browser"":""Firefox"",""device"":""Mobile""}"
2025-05-02 06:59:30,user_0002,login,"{""browser"":""Safari"",""device"":""Tablet""}"
2025-04-05 18:49:30,user_0031,view_product,"{""browser"":""Firefox"",""device"":""Mobile""}"
2025-05-07 07:44:30,user_0020,add_to_cart,"{""browser"":""Firefox"",""device"":""Mobile""}"
2025-05-02 18:18:30,user_0048,search,"{""browser"":""Firefox"",""device"":""Mobile""}"
2025-04-06 06:43:30,user_0013,add_to_cart,"{""browser"":""Chrome"",""device"":""Desktop""}"
2025-04-14 02:35:30,user_0011,view_product,"{""browser"":""Chrome"",""device"":""Desktop""}"
2025-04-22 18:24:30,user_0047,login,"{""browser"":""Edge"",""device"":""Desktop""}"
2025-04-28 02:33:30,user_0023,view_product,"{""browser"":""Chrome"",""device"":""Desktop""}"
2025-04-30 00:48:30,user_0024,login,"{""browser"":""Firefox"",""device"":""Mobile""}"
2025-04-18 15:45:30,user_0045,purchase,"{""browser"":""Chrome"",""device"":""Desktop""}"
2025-05-07 20:53:30,user_0039,add_to_cart,"{""browser"":""Edge"",""device"":""Desktop""}"
2025-04-19 06:59:30,user_0014,login,"{""browser"":""Edge"",""device"":""Desktop""}"
2025-05-13 01:33:30,user_0008,search,"{""browser"":""Firefox"",""device"":""Mobile""}"
2025-04-16 15:07:30,user_0005,add_to_cart,"{""browser"":""Firefox"",""device"":""Mobile""}"
2025-05-11 17:00:30,user_0050,add_to_cart,"{""browser"":""Safari"",""device"":""Tablet""}"
2025-04-28 19:07:30,user_0032,view_product,"{""browser"":""Firefox"",""device"":""Mobile""}"
2025-04-05 23:55:30,user_0050,add_to_cart,"{""browser"":""Edge"",""device"":""Desktop""}"
2025-04-06 08:31:30,user_0037,update_profile,"{""browser"":""Safari"",""device"":""Tablet""}"
2025-05-11 00:04:30,user_0043,add_to_cart,"{""browser"":""Firefox"",""device"":""Mobile""}"
2025-05-04 13:03:30,user_0008,login,"{""browser"":""Safari"",""device"":""Tablet""}"
2025-05-13 14:26:30,user_0005,search,"{""browser"":""Safari"",""device"":""Tablet""}"
2025-05-05 21:19:30,user_0036,add_to_cart,"{""browser"":""Safari"",""device"":""Tablet""}"
2025-04-24 14:38:30,user_0006,update_profile,"{""browser"":""Chrome"",""device"":""Desktop""}"
2025-05-11 03:13:30,user_0008,login,"{""browser"":""Edge"",""device"":""Desktop""}"
2025-04-15 09:38:30,user_0004,login,"{""browser"":""Firefox"",""device"":""Mobile""}"
2025-04-13 03:00:30,user_0021,search,"{""browser"":""Chrome"",""device"":""Desktop""}"
2025-04-21 03:52:30,user_0026,search,"{""browser"":""Safari"",""device"":""Tablet""}"
2025-04-30 00:58:30,user_0007,view_product,"{""browser"":""Chrome"",""device"":""Desktop""}"
2025-04-10 23:04:30,user_0022,login,"{""browser"":""Firefox"",""device"":""Mobile""}"
2025-05-11 04:39:30,user_0011,search,"{""browser"":""Chrome"",""device"":""Desktop""}"
2025-05-06 14:33:30,user_0023,update_profile,"{""browser"":""Firefox"",""device"":""Mobile""}"
2025-04-15 06:14:30,user_0040,purchase,"{""browser"":""Chrome"",""device"":""Desktop""}"
2025-04-11 14:34:30,user_0048,login,"{""browser"":""Safari"",""device"":""Tablet""}"
2025-04-25 21:11:30,user_0026,view_product,"{""browser"":""Chrome"",""device"":""Desktop""}"
2025-04-16 07:05:30,user_0029,search,"{""browser"":""Firefox"",""device"":""Mobile""}"
2025-04-24 13:04:30,user_0037,view_product,"{""browser"":""Edge"",""device"":""Desktop""}"
2025-04-22 06:35:30,user_0018,login,"{""browser"":""Safari"",""device"":""Tablet""}"
2025-04-11 22:35:30,user_0006,view_product,"{""browser"":""Firefox"",""device"":""Mobile""}"
2025-04-08 02:59:30,user_0045,view_product,"{""browser"":""Chrome"",""device"":""Desktop""}"
2025-05-10 20:35:30,user_0010,logout,"{""browser"":""Chrome"",""device"":""Desktop""}"
2025-05-11 11:48:30,user_0004,update_profile,"{""browser"":""Chrome"",""device"":""Desktop""}"
2025-04-28 03:54:30,user_0012,login,"{""browser"":""Firefox"",""device"":""Mobile""}"
2025-04-20 02:52:30,user_0016,purchase,"{""browser"":""Safari"",""device"":""Tablet""}"
2025-05-11 12:37:30,user_0039,login,"{""browser"":""Safari"",""device"":""Tablet""}"
2025-04-25 23:38:30,user_0026,logout,"{""browser"":""Firefox"",""device"":""Mobile""}"
2025-05-09 16:39:30,user_0011,view_product,"{""browser"":""Chrome"",""device"":""Desktop""}"
2025-05-12 21:31:30,user_0018,add_to_cart,"{""browser"":""Firefox"",""device"":""Mobile""}"
2025-04-30 07:37:30,user_0020,search,"{""browser"":""Safari"",""device"":""Tablet""}"
2025-04-24 03:51:30,user_0020,purchase,"{""browser"":""Firefox"",""device"":""Mobile""}"
2025-04-08 09:56:30,user_0039,login,"{""browser"":""Edge"",""device"":""Desktop""}"
2025-04-14 04:12:30,user_0019,view_product,"{""browser"":""Safari"",""device"":""Tablet""}"
2025-04-28 17:33:30,user_0026,purchase,"{""browser"":""Safari"",""device"":""Tablet""}"
2025-05-03 03:14:30,user_0002,search,"{""browser"":""Firefox"",""device"":""Mobile""}"
2025-04-15 05:37:30,user_0012,login,"{""browser"":""Chrome"",""device"":""Desktop""}"
2025-04-06 15:32:30,user_0031,view_product,"{""browser"":""Firefox"",""device"":""Mobile""}"
2025-04-25 23:28:30,user_0038,logout,"{""browser"":""Chrome"",""device"":""Desktop""}"
2025-04-30 15:14:30,user_0040,login,"{""browser"":""Edge"",""device"":""Desktop""}"
2025-04-23 23:59:30,user_0044,view_product,"{""browser"":""Edge"",""device"":""Desktop""}"
2025-04-22 09:34:30,user_0012,search,"{""browser"":""Edge"",""device"":""Desktop""}"
2025-05-14 10:33:30,user_0020,add_to_cart,"{""browser"":""Firefox"",""device"":""Mobile""}"
2025-05-09 06:40:30,user_0038,login,"{""browser"":""Chrome"",""device"":""Desktop""}"
2025-04-25 15:41:30,user_0020,purchase,"{""browser"":""Firefox"",""device"":""Mobile""}"
2025-05-06 21:24:30,user_0050,logout,"{""browser"":""Chrome"",""device"":""Desktop""}"
2025-05-02 17:49:30,user_0033,update_profile,"{""browser"":""Safari"",""device"":""Tablet""}"
2025-04-29 22:31:30,user_0047,logout,"{""browser"":""Edge"",""device"":""Desktop""}"
2025-04-22 10:59:30,user_0017,search,"{""browser"":""Firefox"",""device"":""Mobile""}"
2025-05-07 23:15:30,user_0032,search,"{""browser"":""Edge"",""device"":""Desktop""}"
2025-04-24 06:43:30,user_0040,search,"{""browser"":""Safari"",""device"":""Tablet""}"
2025-04-20 04:54:30,user_0035,view_product,"{""browser"":""Edge"",""device"":""Desktop""}"
2025-04-13 19:34:30,user_0036,add_to_cart,"{""browser"":""Firefox"",""device"":""Mobile""}"
2025-04-30 21:11:30,user_0029,login,"{""browser"":""Chrome"",""device"":""Desktop""}"
2025-04-12 11:21:30,user_0047,login,"{""browser"":""Firefox"",""device"":""Mobile""}"
2025-04-20 21:21:30,user_0026,add_to_cart,"{""browser"":""Chrome"",""device"":""Desktop""}"
2025-05-12 21:36:30,user_0027,login,"{""browser"":""Edge"",""device"":""Desktop""}"
2025-05-07 18:37:30,user_0039,add_to_cart,"{""browser"":""Chrome"",""device"":""Desktop""}"
2025-04-27 11:31:30,user_0013,view_product,"{""browser"":""Edge"",""device"":""Desktop""}"
2025-04-15 14:55:30,user_0038,update_profile,"{""browser"":""Chrome"",""device"":""Desktop""}"
2025-04-29 18:14:30,user_0006,update_profile,"{""browser"":""Safari"",""device"":""Tablet""}"
2025-04-29 16:36:30,user_0033,add_to_cart,"{""browser"":""Chrome"",""device"":""Desktop""}"
2025-04-11 02:01:30,user_0001,login,"{""browser"":""Chrome"",""device"":""Desktop""}"
2025-05-01 17:40:30,user_0004,logout,"{""browser"":""Chrome"",""device"":""Desktop""}"
2025-04-11 12:33:30,user_0047,add_to_cart,"{""browser"":""Safari"",""device"":""Tablet""}"
2025-04-17 01:56:30,user_0039,search,"{""browser"":""Edge"",""device"":""Desktop""}"
2025-04-21 00:03:30,user_0015,view_product,"{""browser"":""Safari"",""device"":""Tablet""}"
2025-04-16 17:43:30,user_0004,search,"{""browser"":""Firefox"",""device"":""Mobile""}"
2025-05-02 09:25:30,user_0032,add_to_cart,"{""browser"":""Chrome"",""device"":""Desktop""}"
2025-05-07 03:02:30,user_0025,update_profile,"{""browser"":""Firefox"",""device"":""Mobile""}"
2025-05-06 03:01:30,user_0007,login,"{""browser"":""Edge"",""device"":""Desktop""}"
2025-05-10 15:58:30,user_0005,update_profile,"{""browser"":""Chrome"",""device"":""Desktop""}"
2025-04-22 22:35:30,user_0039,login,"{""browser"":""Safari"",""device"":""Tablet""}"
2025-04-19 07:59:30,user_0023,view_product,"{""browser"":""Edge"",""device"":""Desktop""}"
2025-05-12 06:59:30,user_0004,logout,"{""browser"":""Safari"",""device"":""Tablet""}"
2025-05-09 08:00:30,user_0030,purchase,"{""browser"":""Safari"",""device"":""Tablet""}"
2025-04-19 10:50:30,user_0017,view_product,"{""browser"":""Firefox"",""device"":""Mobile""}"
2025-05-12 10:35:30,user_0011,view_product,"{""browser"":""Firefox"",""device"":""Mobile""}"
2025-04-11 18:46:30,user_0036,view_product,"{""browser"":""Firefox"",""device"":""Mobile""}"
2025-04-27 16:23:30,user_0018,add_to_cart,"{""browser"":""Chrome"",""device"":""Desktop""}"
2025-05-07 02:17:30,user_0048,update_profile,"{""browser"":""Safari"",""device"":""Tablet""}"
2025-04-22 03:19:30,user_0033,login,"{""browser"":""Safari"",""device"":""Tablet""}"
2025-04-30 10:23:30,user_0017,login,"{""browser"":""Safari"",""device"":""Tablet""}"
2025-05-13 05:48:30,user_0040,logout,"{""browser"":""Safari"",""device"":""Tablet""}"
2025-05-02 09:33:30,user_0025,search,"{""browser"":""Edge"",""device"":""Desktop""}"
2025-04-19 19:41:30,user_0006,login,"{""browser"":""Safari"",""device"":""Tablet""}"
2025-04-16 14:29:30,user_0020,search,"{""browser"":""Edge"",""device"":""Desktop""}"
2025-05-05 09:43:30,user_0007,update_profile,"{""browser"":""Edge"",""device"":""Desktop""}"
2025-05-14 08:28:30,user_0033,purchase,"{""browser"":""Chrome"",""device"":""Desktop""}"
2025-04-09 23:24:30,user_0044,login,"{""browser"":""Safari"",""device"":""Tablet""}"
2025-04-17 09:35:30,user_0003,login,"{""browser"":""Edge"",""device"":""Desktop""}"
2025-05-02 02:07:30,user_0046,logout,"{""browser"":""Firefox"",""device"":""Mobile""}"
2025-04-12 17:39:30,user_0021,purchase,"{""browser"":""Firefox"",""device"":""Mobile""}"
2025-04-12 07:58:30,user_0023,view_product,"{""browser"":""Firefox"",""device"":""Mobile""}"
2025-04-22 07:19:30,user_0013,login,"{""browser"":""Chrome"",""device"":""Desktop""}"
2025-04-05 08:49:30,user_0040,update_profile,"{""browser"":""Edge"",""device"":""Desktop""}"
2025-05-01 10:04:30,user_0038,view_product,"{""browser"":""Chrome"",""device"":""Desktop""}"
2025-05-04 20:44:30,user_0043,login,"{""browser"":""Chrome"",""device"":""Desktop""}"
2025-04-13 04:03:30,user_0041,search,"{""browser"":""Firefox"",""device"":""Mobile""}"
2025-04-12 04:52:30,user_0002,login,"{""browser"":""Chrome"",""device"":""Desktop""}"
2025-04-24 09:54:30,user_0031,purchase,"{""browser"":""Chrome"",""device"":""Desktop""}"
2025-04-21 02:44:30,user_0050,purchase,"{""browser"":""Edge"",""device"":""Desktop""}"
2025-04-25 16:39:30,user_0002,update_profile,"{""browser"":""Edge"",""device"":""Desktop""}"
2025-04-14 06:12:30,user_0001,logout,"{""browser"":""Edge"",""device"":""Desktop""}"
2025-04-26 03:49:30,user_0009,add_to_cart,"{""browser"":""Chrome"",""device"":""Desktop""}"
2025-04-29 09:51:30,user_0049,update_profile,"{""browser"":""Edge"",""device"":""Desktop""}"
2025-04-19 10:11:30,user_0019,view_product,"{""browser"":""Safari"",""device"":""Tablet""}"
2025-05-02 00:41:30,user_0025,add_to_cart,"{""browser"":""Edge"",""device"":""Desktop""}"
2025-05-06 00:37:30,user_0010,view_product,"{""browser"":""Chrome"",""device"":""Desktop""}"
2025-05-01 12:01:30,user_0017,purchase,"{""browser"":""Chrome"",""device"":""Desktop""}"
2025-04-06 22:40:30,user_0028,view_product,"{""browser"":""Safari"",""device"":""Tablet""}"
2025-04-24 00:20:30,user_0042,logout,"{""browser"":""Safari"",""device"":""Tablet""}"
2025-05-11 16:05:30,user_0037,view_product,"{""browser"":""Chrome"",""device"":""Desktop""}"
2025-05-07 05:26:30,user_0004,login,"{""browser"":""Safari"",""device"":""Tablet""}"
2025-05-08 14:39:30,user_0012,logout,"{""browser"":""Safari"",""device"":""Tablet""}"
2025-04-19 22:02:30,user_0023,logout,"{""browser"":""Edge"",""device"":""Desktop""}"
2025-05-13 05:35:30,user_0022,login,"{""browser"":""Edge"",""device"":""Desktop""}"
2025-04-16 00:22:30,user_0034,login,"{""browser"":""Safari"",""device"":""Tablet""}"
2025-05-04 08:04:30,user_0038,view_product,"{""browser"":""Edge"",""device"":""Desktop""}"
2025-04-18 22:48:30,user_0049,logout,"{""browser"":""Chrome"",""device"":""Desktop""}"
2025-05-06 03:25:30,user_0012,login,"{""browser"":""Edge"",""device"":""Desktop""}"
2025-04-19 00:59:30,user_0020,add_to_cart,"{""browser"":""Chrome"",""device"":""Desktop""}"
2025-05-06 18:24:30,user_0008,add_to_cart,"{""browser"":""Safari"",""device"":""Tablet""}"
2025-04-16 16:53:30,user_0037,add_to_cart,"{""browser"":""Edge"",""device"":""Desktop""}"
2025-05-06 20:31:30,user_0022,view_product,"{""browser"":""Firefox"",""device"":""Mobile""}"
2025-04-22 13:57:30,user_0022,logout,"{""browser"":""Firefox"",""device"":""Mobile""}"
2025-04-19 00:27:30,user_0002,update_profile,"{""browser"":""Safari"",""device"":""Tablet""}"
2025-04-23 15:23:30,user_0002,login,"{""browser"":""Firefox"",""device"":""Mobile""}"
2025-05-05 19:28:30,user_0009,update_profile,"{""browser"":""Edge"",""device"":""Desktop""}"
2025-04-19 16:38:30,user_0045,purchase,"{""browser"":""Firefox"",""device"":""Mobile""}"
2025-04-09 10:23:30,user_0029,logout,"{""browser"":""Safari"",""device"":""Tablet""}"
2025-05-12 13:39:30,user_0022,view_product,"{""browser"":""Safari"",""device"":""Tablet""}"
2025-04-14 13:26:30,user_0046,view_product,"{""browser"":""Chrome"",""device"":""Desktop""}"
2025-04-18 02:00:30,user_0013,add_to_cart,"{""browser"":""Firefox"",""device"":""Mobile""}"
2025-05-02 00:11:30,user_0050,view_product,"{""browser"":""Firefox"",""device"":""Mobile""}"
2025-04-16 17:55:30,user_0011,view_product,"{""browser"":""Safari"",""device"":""Tablet""}"
2025-05-14 01:22:30,user_0037,add_to_cart,"{""browser"":""Chrome"",""device"":""Desktop""}"
2025-04-30 12:43:30,user_0039,logout,"{""browser"":""Chrome"",""device"":""Desktop""}"
2025-05-13 19:32:30,user_0042,logout,"{""browser"":""Safari"",""device"":""Tablet""}"
2025-04-17 18:49:30,user_0023,logout,"{""browser"":""Firefox"",""device"":""Mobile""}"
2025-04-15 22:43:30,user_0040,add_to_cart,"{""browser"":""Chrome"",""device"":""Desktop""}"
2025-04-25 11:57:30,user_0016,login,"{""browser"":""Firefox"",""device"":""Mobile""}"
2025-04-22 07:00:30,user_0004,search,"{""browser"":""Edge"",""device"":""Desktop""}"
2025-05-14 06:42:30,user_0001,logout,"{""browser"":""Chrome"",""device"":""Desktop""}"
2025-04-26 03:35:30,user_0007,login,"{""browser"":""Firefox"",""device"":""Mobile""}"
2025-05-12 00:03:30,user_0017,login,"{""browser"":""Chrome"",""device"":""Desktop""}"
2025-04-12 01:54:30,user_0047,purchase,"{""browser"":""Safari"",""device"":""Tablet""}"
2025-05-10 21:35:30,user_0024,logout,"{""browser"":""Firefox"",""device"":""Mobile""}"
2025-04-11 16:19:30,user_0017,view_product,"{""browser"":""Firefox"",""device"":""Mobile""}"
2025-04-17 18:51:30,user_0012,view_product,"{""browser"":""Firefox"",""device"":""Mobile""}"
2025-05-07 22:14:30,user_0034,search,"{""browser"":""Chrome"",""device"":""Desktop""}"
2025-04-14 07:31:30,user_0021,add_to_cart,"{""browser"":""Safari"",""device"":""Tablet""}"
2025-05-08 08:33:30,user_0011,login,"{""browser"":""Firefox"",""device"":""Mobile""}"
2025-04-19 12:57:30,user_0019,view_product,"{""browser"":""Edge"",""device"":""Desktop""}"
2025-04-20 16:26:30,user_0005,login,"{""browser"":""Safari"",""device"":""Tablet""}"
2025-04-18 08:05:30,user_0045,add_to_cart,"{""browser"":""Firefox"",""device"":""Mobile""}"
2025-04-12 07:33:30,user_0024,add_to_cart,"{""browser"":""Firefox"",""device"":""Mobile""}"
2025-04-08 15:15:30,user_0028,view_product,"{""browser"":""Safari"",""device"":""Tablet""}"
2025-05-03 00:16:30,user_0003,purchase,"{""browser"":""Edge"",""device"":""Desktop""}"
2025-05-04 19:40:30,user_0011,logout,"{""browser"":""Firefox"",""device"":""Mobile""}"
2025-05-09 13:08:30,user_0023,view_product,"{""browser"":""Firefox"",""device"":""Mobile""}"
2025-05-10 14:42:30,user_0014,login,"{""browser"":""Chrome"",""device"":""Desktop""}"
2025-04-27 06:00:30,user_0012,login,"{""browser"":""Chrome"",""device"":""Desktop""}"
2025-04-15 18:25:30,user_0007,login,"{""browser"":""Safari"",""device"":""Tablet""}"
2025-05-05 13:36:30,user_0043,view_product,"{""browser"":""Chrome"",""device"":""Desktop""}"
2025-04-19 00:15:30,user_0031,search,"{""browser"":""Firefox"",""device"":""Mobile""}"
2025-04-15 13:38:30,user_0023,view_product,"{""browser"":""Safari"",""device"":""Tablet""}"
2025-05-10 17:00:30,user_0046,view_product,"{""browser"":""Edge"",""device"":""Desktop""}"
2025-04-20 16:54:30,user_0047,add_to_cart,"{""browser"":""Chrome"",""device"":""Desktop""}"
2025-04-17 02:55:30,user_0024,view_product,"{""browser"":""Firefox"",""device"":""Mobile""}"
2025-05-11 17:24:30,user_0043,view_product,"{""browser"":""Safari"",""device"":""Tablet""}"
2025-04-26 21:23:30,user_0037,add_to_cart,"{""browser"":""Chrome"",""device"":""Desktop""}"
2025-05-10 03:15:30,user_0014,login,"{""browser"":""Chrome"",""device"":""Desktop""}"
2025-04-08 05:23:30,user_0029,logout,"{""browser"":""Safari"",""device"":""Tablet""}"
2025-04-23 23:15:30,user_0022,logout,"{""browser"":""Chrome"",""device"":""Desktop""}"
2025-04-05 18:29:30,user_0010,login,"{""browser"":""Edge"",""device"":""Desktop""}"
2025-05-07 17:54:30,user_0033,purchase,"{""browser"":""Firefox"",""device"":""Mobile""}"
2025-04-11 11:01:30,user_0035,view_product,"{""browser"":""Edge"",""device"":""Desktop""}"
2025-04-16 00:02:30,user_0040,view_product,"{""browser"":""Safari"",""device"":""Tablet""}"
2025-04-21 08:52:30,user_0017,login,"{""browser"":""Safari"",""device"":""Tablet""}"
2025-04-19 11:33:30,user_0035,login,"{""browser"":""Firefox"",""device"":""Mobile""}"
2025-04-13 23:41:30,user_0038,login,"{""browser"":""Chrome"",""device"":""Desktop""}"
2025-04-23 14:00:30,user_0002,view_product,"{""browser"":""Safari"",""device"":""Tablet""}"
2025-04-06 09:59:30,user_0030,add_to_cart,"{""browser"":""Chrome"",""device"":""Desktop""}"
2025-04-23 19:03:30,user_0030,logout,"{""browser"":""Firefox"",""device"":""Mobile""}"
2025-05-04 19:47:30,user_0017,add_to_cart,"{""browser"":""Chrome"",""device"":""Desktop""}"
2025-05-04 22:46:30,user_0032,login,"{""browser"":""Edge"",""device"":""Desktop""}"
2025-04-23 21:58:30,user_0013,add_to_cart,"{""browser"":""Safari"",""device"":""Tablet""}"
2025-04-16 11:53:30,user_0016,login,"{""browser"":""Edge"",""device"":""Desktop""}"
2025-04-16 15:43:30,user_0017,logout,"{""browser"":""Safari"",""device"":""Tablet""}"
2025-04-25 20:23:30,user_0026,view_product,"{""browser"":""Edge"",""device"":""Desktop""}"
2025-05-05 21:04:30,user_0045,add_to_cart,"{""browser"":""Firefox"",""device"":""Mobile""}"
2025-04-22 10:49:30,user_0010,search,"{""browser"":""Edge"",""device"":""Desktop""}"
2025-04-16 07:42:30,user_0045,purchase,"{""browser"":""Safari"",""device"":""Tablet""}"
2025-04-20 07:06:30,user_0032,view_product,"{""browser"":""Safari"",""device"":""Tablet""}"
2025-04-10 01:27:30,user_0017,search,"{""browser"":""Edge"",""device"":""Desktop""}"
2025-04-24 22:14:30,user_0026,add_to_cart,"{""browser"":""Edge"",""device"":""Desktop""}"
2025-04-07 18:36:30,user_0029,add_to_cart,"{""browser"":""Chrome"",""device"":""Desktop""}"
2025-04-18 22:04:30,user_0029,login,"{""browser"":""Chrome"",""device"":""Desktop""}"
2025-04-25 20:01:30,user_0006,search,"{""browser"":""Safari"",""device"":""Tablet""}"
2025-04-09 03:56:30,user_0028,login,"{""browser"":""Safari"",""device"":""Tablet""}"
2025-04-09 21:31:30,user_0012,purchase,"{""browser"":""Chrome"",""device"":""Desktop""}"
2025-04-27 07:32:30,user_0007,add_to_cart,"{""browser"":""Edge"",""device"":""Desktop""}"
2025-05-12 04:23:30,user_0023,logout,"{""browser"":""Edge"",""device"":""Desktop""}"
2025-04-29 08:42:30,user_0043,logout,"{""browser"":""Safari"",""device"":""Tablet""}"
2025-04-26 14:20:30,user_0013,add_to_cart,"{""browser"":""Safari"",""device"":""Tablet""}"
2025-05-08 19:31:30,user_0003,login,"{""browser"":""Firefox"",""device"":""Mobile""}"
2025-05-12 08:01:30,user_0043,view_product,"{""browser"":""Chrome"",""device"":""Desktop""}"
2025-05-09 16:28:30,user_0023,logout,"{""browser"":""Edge"",""device"":""Desktop""}"
2025-04-13 14:05:30,user_0033,view_product,"{""browser"":""Edge"",""device"":""Desktop""}"
2025-04-11 17:12:30,user_0009,search,"{""browser"":""Chrome"",""device"":""Desktop""}"
2025-04-09 22:27:30,user_0006,view_product,"{""browser"":""Edge"",""device"":""Desktop""}"
2025-04-15 15:46:30,user_0041,login,"{""browser"":""Firefox"",""device"":""Mobile""}"
2025-04-26 15:49:30,user_0028,logout,"{""browser"":""Firefox"",""device"":""Mobile""}"
2025-04-11 18:27:30,user_0011,view_product,"{""browser"":""Chrome"",""device"":""Desktop""}"
2025-04-21 01:13:30,user_0006,view_product,"{""browser"":""Firefox"",""device"":""Mobile""}"
2025-04-30 07:02:30,user_0041,logout,"{""browser"":""Edge"",""device"":""Desktop""}"
2025-05-13 21:32:30,user_0028,logout,"{""browser"":""Chrome"",""device"":""Desktop""}"
